Profile Name,Start Time,Duration,Title
Berkay,2023-07-01 07:45:51,00:13:59,The Good Place: Season 3: Janet(s) (Episode 9)
Berkay,2023-07-01 07:24:28,00:21:22,The Good Place: Season 3: Don't Let the Good Life Pass You By (Episode 8)
Berkay,2023-07-01 07:23:20,00:00:46,The Good Place: Season 3: The Worst Possible Use of Free Will (Episode 7)
Berkay,2023-07-01 07:23:12,00:00:03,The Good Place: Season 3: A Fractured Inheritance (Episode 6)
Berkay,2023-07-01 07:22:55,00:00:07,The Good Place: Season 3: Don't Let the Good Life Pass You By (Episode 8)
Berkay,2023-07-01 07:16:40,00:06:15,The Good Place: Season 3: The Worst Possible Use of Free Will (Episode 7)
Berkay,2023-07-01 06:54:15,00:02:10,The Good Place: Season 3: The Worst Possible Use of Free Will (Episode 7)
Berkay,2023-06-30 22:39:42,00:14:29,The Good Place: Season 3: The Worst Possible Use of Free Will (Episode 7)
Berkay,2023-06-30 22:38:23,00:01:14,The Good Place: Season 3: A Fractured Inheritance (Episode 6)
Berkay,2023-06-30 21:50:10,00:03:39,The Good Place: Season 3: A Fractured Inheritance (Episode 6)
Berkay,2023-06-30 20:53:44,00:05:55,The Good Place: Season 3: A Fractured Inheritance (Episode 6)
Berkay,2023-06-30 20:37:51,00:12:15,The Good Place: Season 3: A Fractured Inheritance (Episode 6)
Berkay,2023-06-30 20:15:47,00:22:01,The Good Place: Season 3: The Ballad of Donkey Doug (Episode 5)
Berkay,2023-06-30 20:00:32,00:14:03,The Good Place: Season 3: Jeremy Bearimy (Episode 4)
Berkay,2023-06-30 14:30:11,00:09:48,The Good Place: Season 3: Jeremy Bearimy (Episode 4)
Berkay,2023-06-30 14:19:20,00:10:41,The Good Place: Season 3: The Snowplow (Episode 3)
Berkay,2023-06-30 13:40:04,00:09:59,The Good Place: Season 3: The Snowplow (Episode 3)
Berkay,2023-06-30 13:04:58,00:02:26,The Good Place: Season 3: The Snowplow (Episode 3)
Berkay,2023-06-30 12:42:04,00:22:46,The Good Place: Season 3: The Brainy Bunch (Episode 2)
Berkay,2023-06-30 12:19:26,00:22:02,The Good Place: Season 3: Everything is Bonzer (Episode 1)
Berkay,2023-06-30 12:19:08,00:00:02,The Good Place: Season 2: Somewhere Else (Episode 12)
Berkay,2023-06-30 12:18:31,00:00:14,The Good Place: Season 2: The Burrito (Episode 11)
Berkay,2023-06-30 12:18:23,00:00:02,"The Good Place: Season 2: Rhonda, Diana, Jake, and Trent (Episode 10)"
Berkay,2023-06-30 12:17:23,00:00:16,The Good Place: Season 2: Somewhere Else (Episode 12)
Berkay,2023-06-30 12:17:02,00:00:05,The Good Place: Season 2: The Burrito (Episode 11)
Berkay,2023-06-30 12:16:47,00:00:03,The Good Place: Season 2: Somewhere Else (Episode 12)
Berkay,2023-06-30 12:14:02,00:02:15,The Good Place: Season 2: The Burrito (Episode 11)
Berkay,2023-06-30 12:13:35,00:00:02,The Good Place: Season 2: Somewhere Else (Episode 12)
Berkay,2023-06-30 12:10:00,00:02:57,The Good Place: Season 3: Everything is Bonzer (Episode 1)
Berkay,2023-06-29 21:43:45,00:22:40,The Good Place: Season 3: Everything is Bonzer (Episode 1)
Berkay,2023-06-29 21:26:37,00:16:05,The Good Place: Season 2: Somewhere Else (Episode 12)
Berkay,2023-06-28 22:18:22,00:09:32,The Good Place: Season 2: Somewhere Else (Episode 12)
Berkay,2023-06-28 21:54:05,00:23:40,The Good Place: Season 2: The Burrito (Episode 11)
Berkay,2023-06-28 21:33:34,00:16:41,"The Good Place: Season 2: Rhonda, Diana, Jake, and Trent (Episode 10)"
Berkay,2023-06-28 21:32:42,00:00:26,The Good Place: Season 2: Leap to Faith (Episode 8)
Berkay,2023-06-28 21:27:38,00:04:03,The Good Place: Season 2: Best Self (Episode 9)
Berkay,2023-06-28 21:26:42,00:00:32,The Good Place: Season 2: Best Self (Episode 9)
Berkay,2023-06-28 21:26:26,00:00:06,"The Good Place: Season 2: Rhonda, Diana, Jake, and Trent (Episode 10)"
Berkay,2023-06-28 14:47:08,00:05:53,"The Good Place: Season 2: Rhonda, Diana, Jake, and Trent (Episode 10)"
Berkay,2023-06-27 21:07:30,00:01:03,"The Good Place: Season 2: Rhonda, Diana, Jake, and Trent (Episode 10)"
Berkay,2023-06-27 19:06:34,01:40:25,Spider-Man: No Way Home (Extended Version)
Berkay,2023-06-27 17:54:09,00:48:30,Spider-Man: No Way Home (Extended Version)
Berkay,2023-06-27 17:53:59,00:00:08,Spider-Man: No Way Home (Extended Version)_hook_01_16x9
Berkay,2023-06-20 11:34:20,00:00:06,Spider-Man: No Way Home (Extended Version)_hook_01_16x9
Berkay,2023-06-15 19:32:39,00:00:05,SpongeBob SquarePants: Season 8_hook_04_16x9
Berkay,2023-06-14 22:39:18,00:13:52,"The Good Place: Season 2: Rhonda, Diana, Jake, and Trent (Episode 10)"
Berkay,2023-06-14 20:38:33,00:00:12,Dirty Grandpa_hook_07_16x9
Berkay,2023-06-14 14:40:58,00:00:01,"The Good Place: Season 2: Rhonda, Diana, Jake, and Trent (Episode 10)"
Berkay,2023-06-14 14:13:57,00:22:43,The Good Place: Season 2: Best Self (Episode 9)
Berkay,2023-06-14 13:52:32,00:20:14,The Good Place: Season 2: Leap to Faith (Episode 8)
Berkay,2023-06-13 22:16:43,00:07:01,The Good Place: Season 2: Leap to Faith (Episode 8)
Berkay,2023-06-13 21:53:53,00:22:30,The Good Place: Season 2: Derek (Episode 7)
Berkay,2023-06-13 21:43:00,00:08:46,The Good Place: Season 2: Janet and Michael (Episode 6)
Berkay,2023-06-13 21:42:54,00:00:01,The Good Place: Season 2: Derek (Episode 7)
Berkay,2023-06-13 21:19:46,00:15:12,The Good Place: Season 2: Janet and Michael (Episode 6)
Berkay,2023-06-13 21:14:47,00:04:26,The Good Place: Season 2: The Trolley Problem (Episode 5)
Berkay,2023-06-13 21:13:31,00:00:15,The Good Place: Season 2: Janet and Michael (Episode 6)
Berkay,2023-06-12 22:32:32,00:00:01,The Good Place: Season 2: Janet and Michael (Episode 6)
Berkay,2023-06-12 22:22:24,00:09:56,The Good Place: Season 2: The Trolley Problem (Episode 5)
Berkay,2023-06-12 13:59:36,00:00:27,Insatiable: Season 1 - Debby Ryan Is Insatiable
Berkay,2023-06-12 11:55:12,00:17:46,The Good Place: Season 2: The Trolley Problem (Episode 5)
Berkay,2023-06-12 11:27:04,00:25:21,The Good Place: Season 2: Existential Crisis (Episode 4)
Berkay,2023-06-12 11:18:10,00:08:47,The Good Place: Season 2: Team Cockroach (Episode 3)
Berkay,2023-06-12 06:52:38,00:02:42,The Good Place: Season 2: Team Cockroach (Episode 3)
Berkay,2023-06-12 06:38:03,00:09:18,The Good Place: Season 2: Team Cockroach (Episode 3)
Berkay,2023-06-11 17:25:20,00:16:57,The Good Place: Season 2: Team Cockroach (Episode 3)
Berkay,2023-06-11 16:59:47,00:22:49,The Good Place: Season 2: Dance Dance Resolution (Episode 2)
Berkay,2023-06-11 16:38:07,00:21:29,The Good Place: Season 2: Everything Is Great! (Episode 1)
Berkay,2023-06-11 15:42:40,00:20:24,The Good Place: Season 2: Everything Is Great! (Episode 1)
Berkay,2023-06-11 15:15:08,00:24:44,The Good Place: Season 1: Michael's Gambit (Episode 13)
Berkay,2023-06-11 14:51:57,00:22:35,The Good Place: Season 1: Mindy St. Claire (Episode 12)
Berkay,2023-06-11 14:27:32,00:23:13,The Good Place: Season 1: What's My Motivation (Episode 11)
Berkay,2023-06-11 14:19:24,00:08:03,The Good Place: Season 1: Chidi's Choice (Episode 10)
Berkay,2023-06-11 08:29:22,00:13:01,The Good Place: Season 1: Chidi's Choice (Episode 10)
Berkay,2023-06-10 23:58:24,00:07:03,The Good Place: Season 1: Chidi's Choice (Episode 10)
Berkay,2023-06-10 23:35:03,00:23:15,The Good Place: Season 1: ...Someone Like Me as a Member (Episode 9)
Berkay,2023-06-10 23:07:49,00:21:35,The Good Place: Season 1: Most Improved Player (Episode 8)
Berkay,2023-06-10 23:04:22,00:03:08,The Good Place: Season 1: The Eternal Shriek (Episode 7)
Berkay,2023-06-09 17:02:50,00:01:36,The Good Place: Season 1: The Eternal Shriek (Episode 7)
Berkay,2023-06-09 17:02:42,00:00:01,The Good Place: Season 1: What We Owe to Each Other (Episode 6)
Berkay,2023-06-09 17:02:28,00:00:05,The Good Place: Season 1: Most Improved Player (Episode 8)
Berkay,2023-06-07 23:16:13,00:08:34,The Good Place: Season 1: Most Improved Player (Episode 8)
Berkay,2023-06-07 22:52:51,00:20:04,The Good Place: Season 1: The Eternal Shriek (Episode 7)
Berkay,2023-06-06 19:07:52,00:11:54,The Good Place: Season 1: The Eternal Shriek (Episode 7)
Berkay,2023-06-06 15:09:52,00:00:01,The Good Place: Season 1: The Eternal Shriek (Episode 7)
Berkay,2023-06-06 14:54:30,00:15:17,The Good Place: Season 1: What We Owe to Each Other (Episode 6)
Berkay,2023-06-06 14:51:31,00:01:23,The Good Place: Season 1: Category 55 Emergency Doomsday Crisis (Episode 5)
Berkay,2023-06-06 14:49:24,00:01:07,The Good Place: Season 1: Jason Mendoza (Episode 4)
Berkay,2023-06-06 14:47:50,00:00:46,The Good Place: Season 1: Tahani Al-Jamil (Episode 3)
Berkay,2023-06-06 14:41:49,00:05:04,The Good Place: Season 1: Flying (Episode 2)
Berkay,2023-06-06 14:36:58,00:03:39,The Good Place: Season 1: Everything Is Fine (Episode 1)
Berkay,2023-06-06 14:31:54,00:02:51,The Good Place: Season 1: Everything Is Fine (Episode 1)
Berkay,2023-06-06 14:30:44,00:00:54,The Good Place: Season 1: What We Owe to Each Other (Episode 6)
Berkay,2023-06-05 22:36:50,00:00:18,The Good Place: Season 1: What We Owe to Each Other (Episode 6)
Berkay,2023-06-05 21:06:09,00:07:22,The Good Place: Season 1: What We Owe to Each Other (Episode 6)
Berkay,2023-06-05 20:43:48,00:22:15,The Good Place: Season 1: Category 55 Emergency Doomsday Crisis (Episode 5)
Berkay,2023-06-05 20:26:16,00:17:06,The Good Place: Season 1: Jason Mendoza (Episode 4)
Berkay,2023-06-05 12:07:23,00:07:56,The Good Place: Season 1: Jason Mendoza (Episode 4)
Berkay,2023-06-05 11:43:31,00:23:38,The Good Place: Season 1: Tahani Al-Jamil (Episode 3)
Berkay,2023-06-05 11:39:43,00:03:38,The Good Place: Season 1: Flying (Episode 2)
Berkay,2023-06-05 09:48:34,00:06:02,The Good Place: Season 1: Flying (Episode 2)
Berkay,2023-06-05 00:09:40,00:14:31,The Good Place: Season 1: Flying (Episode 2)
Berkay,2023-06-04 23:40:36,00:27:48,The Good Place: Season 1: Everything Is Fine (Episode 1)
Berkay,2023-06-04 23:40:26,00:00:09,The Good Place: Season 1 (Trailer)
Berkay,2023-06-04 22:38:16,00:00:19,Season 4 Trailer: Good Girls
Berkay,2023-06-04 22:37:49,00:00:11,After Life: Season 1 (Trailer)
Berkay,2023-06-04 22:37:22,00:00:05,Castlevania: Season 1 - Upper Bound Clip 6
Berkay,2023-06-04 22:36:48,00:00:17,Monster (Anime): Season 1_hook_02_16x9
Berkay,2023-06-04 22:36:37,00:00:07,Gotham: Season 5_hook_primary_16x9
Berkay,2023-06-04 22:34:16,00:00:22,MINDHUNTER: Season 2 (Trailer)
Berkay,2023-06-04 22:33:49,00:00:14,Season 6 Main Character Intro Clip: Peaky Blinders
Berkay,2023-06-04 22:33:10,00:00:15,The Disastrous Life of Saiki K.: Season 1_hook_primary_16x9
Berkay,2023-06-04 22:32:29,00:00:05,Girl from Nowhere: Season 1: Trophy (Episode 3)
Berkay,2023-06-04 22:31:33,00:00:45,Where the Crawdads Sing
Berkay,2023-06-04 22:31:13,00:00:18,Where the Crawdads Sing_hook_03_16x9
Berkay,2023-06-04 22:30:25,00:00:27,Main Character Clip 4: Glass Onion: A Knives Out Mystery
Berkay,2023-06-04 22:23:28,00:00:10,Müslüm_hook_01_16x9
Berkay,2023-06-04 22:23:10,00:00:01,El Camino: A Breaking Bad Movie
Berkay,2023-06-04 22:22:59,00:00:04,El Camino: A Breaking Bad Movie (Trailer)
Berkay,2023-06-04 22:21:33,00:00:30,Secretary_hook_01_16x9
Berkay,2023-06-04 22:21:21,00:00:10,Memoirs of a Geisha_hook_primary_16x9
Berkay,2023-06-04 22:20:41,00:00:12,Trailer: Tin & Tina
Berkay,2023-06-04 22:19:44,00:00:18,Coach Carter_hook_primary_16x9
Berkay,2023-06-04 22:19:21,00:00:05,LOVEANDMONSTERS_CLIP_PLOT
Berkay,2023-06-04 22:16:58,00:00:11,Zathura_hook_primary_16x9
Berkay,2023-06-02 22:33:56,00:26:13,Girl from Nowhere: Season 1: Trophy (Episode 3)
Berkay,2023-06-02 22:20:18,00:00:04,Girl from Nowhere: Season 1: Trophy (Episode 3)
Berkay,2023-06-02 22:09:21,00:09:04,Girl from Nowhere: Season 1: Apologies (Episode 2)
Berkay,2023-06-01 21:45:46,00:34:20,Girl from Nowhere: Season 1: Apologies (Episode 2)
Berkay,2023-06-01 05:23:10,00:15:25,Girl from Nowhere: Season 1: The Ugly Truth (Episode 1)
Berkay,2023-05-31 15:05:16,00:22:12,Girl from Nowhere: Season 1: The Ugly Truth (Episode 1)
Berkay,2023-05-31 14:08:43,00:13:12,Girl from Nowhere: Season 1: The Ugly Truth (Episode 1)
Berkay,2023-05-31 14:08:27,00:00:13,Girl from Nowhere Season 2_Clip_3
Berkay,2023-05-31 13:32:02,00:00:10,Season 3 Inciting Incident Clip: Titans
Berkay,2023-05-31 13:31:32,00:00:09,The Good Place: Season 3 (Trailer)
Berkay,2023-05-31 13:31:07,00:00:12,Orange Is the New Black: Season 6 (Trailer)
Berkay,2023-05-21 22:49:26,00:06:11,The Queen's Gambit: Limited Series: End Game (Episode 7)
Berkay,2023-05-21 22:36:59,00:12:09,The Queen's Gambit: Limited Series: Adjournment (Episode 6)
Berkay,2023-05-21 22:36:43,00:00:02,Inside Job: Part 1: Clone Gunman (Episode 2)
Berkay,2023-05-20 07:06:23,00:08:03,The Queen's Gambit: Limited Series: Adjournment (Episode 6)
Berkay,2023-05-19 21:38:13,00:22:19,The Queen's Gambit: Limited Series: Adjournment (Episode 6)
Berkay,2023-05-18 17:37:40,00:00:09,Girl from Nowhere Season 2_Clip_3
Berkay,2023-05-18 17:16:16,00:20:25,Inside Job: Part 1: Clone Gunman (Episode 2)
Berkay,2023-05-18 16:59:39,00:16:32,Inside Job: Part 1: Unpresidented (Episode 1)
Berkay,2023-05-17 20:18:54,00:16:20,Inside Job: Part 1: Unpresidented (Episode 1)
Berkay,2023-05-17 20:18:33,00:00:19,Part 2 Genre Specific Moment Clip: Inside Job
Berkay,2023-05-16 22:37:50,00:00:05,Teen Titans Go!: Season 1_hook_primary_16x9
Berkay,2023-05-16 22:37:23,00:00:20,Clip 4: Headspace Guide to Meditation: Season 1 (Intense Emotion)
Berkay,2023-05-16 22:37:11,00:00:07,Season 2 Main Character Intro Clip: The Cuphead Show!
Berkay,2023-05-16 22:36:48,00:00:15,The SpongeBob Movie: Sponge Out of Water_hook_primary_16x9
Berkay,2023-05-16 22:36:14,00:00:06,Season 1 Main Character Intro Clip: Farzar
Berkay,2023-05-16 22:35:26,00:00:08,Another: Season 1_hook_05_16x9
Berkay,2023-05-16 22:35:00,00:00:20,Altered Carbon: Season 1_VAR2-RECIPE-1_EDITOR2
Berkay,2023-05-16 22:34:38,00:00:07,Dark (Trailer)
Berkay,2023-05-16 22:34:20,00:00:10,Castlevania: Season 1 - Upper Bound Clip 6
Berkay,2023-05-16 22:32:44,00:00:11,Season 1 Act 2 Conflict Clip: BEEF
Berkay,2023-05-16 22:31:57,00:00:19,Cliffhanger Clip: Disenchantment: Part 4
Berkay,2023-05-16 22:31:50,00:00:05,Part 2 Genre Specific Moment Clip: Inside Job
Berkay,2023-05-16 22:31:30,00:00:12,Season 1 Main Character Intro Clip: Uncle from Another World
Berkay,2023-05-16 22:26:17,00:00:06,The Midnight Gospel: Season 1 PVS Clip 2
Berkay,2023-05-16 22:26:03,00:00:12,Main Character Intro Clip: DAHMER
Berkay,2023-05-16 22:21:51,00:00:09,I'm Thinking of Ending Things PVS Clip 4
Berkay,2023-05-16 22:21:01,00:00:28,When They Cry_hook_primary_16x9
Berkay,2023-05-16 22:20:48,00:00:09,SpongeBob SquarePants: Season 8_hook_primary_16x9
Berkay,2023-05-16 22:00:15,00:19:38,The Queen's Gambit: Limited Series: Adjournment (Episode 6)
Berkay,2023-05-16 21:11:47,00:47:26,The Queen's Gambit: Limited Series: Fork (Episode 5)
Berkay,2023-05-16 21:11:28,00:00:05,Season 1 Teaser 2: Arcane
Berkay,2023-05-16 21:11:17,00:00:04,Trailer: The Mother
Berkay,2023-05-16 21:10:38,00:00:14,Sex Education: Season 1 (Bumper 2: Yearbook)
Berkay,2023-05-16 21:10:35,00:00:04,Scarface_hook_primary_16x9
Berkay,2023-05-16 21:10:23,00:00:05,Peaky Blinders: Season 1_hook_primary_16x9
Berkay,2023-05-16 21:08:17,00:00:20,Girl from Nowhere Season 2_Clip_3
Berkay,2023-05-16 12:50:12,00:00:03,The Queen's Gambit: Limited Series: Fork (Episode 5)
Berkay,2023-05-16 11:59:16,00:47:54,The Queen's Gambit: Limited Series: Middle Game (Episode 4)
Berkay,2023-05-16 06:02:39,00:05:28,The Queen's Gambit: Limited Series: Doubled Pawns (Episode 3)
Berkay,2023-05-15 23:07:00,00:43:06,The Queen's Gambit: Limited Series: Doubled Pawns (Episode 3)
Berkay,2023-05-15 22:01:17,01:04:26,The Queen's Gambit: Limited Series: Exchanges (Episode 2)
Berkay,2023-05-15 20:53:16,01:01:01,The Queen's Gambit: Limited Series: Openings (Episode 1)
Berkay,2023-05-15 20:53:10,00:00:05,Clip 2: The Queen's Gambit: Season 1
Berkay,2023-05-15 20:52:12,00:00:22,Clip 2: The Queen's Gambit: Season 1
Berkay,2023-05-15 20:51:33,00:00:35,The Midnight Gospel: Season 1 PVS Trailer A
Berkay,2023-05-15 16:10:07,00:00:04,Season 2 Moment of High Emotion Clip: ULTRAMAN
Berkay,2023-05-15 16:09:48,00:00:05,Genre Specific Moment Clip: Violet Evergarden: Recollections
Berkay,2023-05-15 16:09:41,00:00:06,Violet Evergarden the Movie_hook_02_16x9
Berkay,2023-05-15 16:09:26,00:00:11,Genre Specific Moment Clip: Violet Evergarden: Recollections
Berkay,2023-05-15 16:08:50,00:00:19,Mononoke: Season 1_hook_01_16x9
Berkay,2023-05-15 16:08:18,00:00:07,Season 1 Genre Specific Moment Clip: Kotaro Lives Alone
Berkay,2023-05-15 15:50:27,00:01:17,Season 5 Trailer: Better Call Saul
Berkay,2023-05-15 15:11:34,00:38:03,El Camino: A Breaking Bad Movie
Berkay,2023-05-15 11:11:22,00:00:04,El Camino: A Breaking Bad Movie
Berkay,2023-05-14 13:31:00,00:57:50,El Camino: A Breaking Bad Movie
Berkay,2023-05-14 12:40:16,00:25:23,El Camino: A Breaking Bad Movie
Berkay,2023-05-14 12:39:59,00:00:15,Breaking Bad: Season 1_hook_primary_16x9
Berkay,2023-05-14 12:39:52,00:00:06,Breaking Bad: Season 1_hook_primary_16x9
Berkay,2023-05-14 11:37:27,00:56:26,Breaking Bad: Season 5: Felina (Episode 16)
Berkay,2023-05-14 11:01:37,00:32:51,Breaking Bad: Season 5: Granite State (Episode 15)
Berkay,2023-05-14 11:01:21,00:00:04,Breaking Bad: Season 2: Bit by a Dead Bee (Episode 3)
Berkay,2023-05-14 05:56:03,00:00:32,Breaking Bad: Season 2: Bit by a Dead Bee (Episode 3)
Berkay,2023-05-13 20:26:49,00:28:05,Breaking Bad: Season 5: Granite State (Episode 15)
Berkay,2023-05-13 20:04:50,00:21:21,Breaking Bad: Season 5: Ozymandias (Episode 14)
Berkay,2023-05-13 19:04:22,00:28:09,Breaking Bad: Season 5: Ozymandias (Episode 14)
Berkay,2023-05-13 19:04:02,00:00:17,Breaking Bad: Season 1_hook_03_16x9
Berkay,2023-05-13 18:36:59,00:23:24,Breaking Bad: Season 5: To'hajiilee (Episode 13)
Berkay,2023-05-13 18:36:53,00:00:04,The Midnight Gospel: Season 1 PVS Clip 5
Berkay,2023-05-13 15:11:15,00:24:14,Breaking Bad: Season 5: To'hajiilee (Episode 13)
Berkay,2023-05-13 14:43:15,00:22:25,Breaking Bad: Season 5: Rabid Dog (Episode 12)
Berkay,2023-05-13 13:59:21,00:25:44,Breaking Bad: Season 5: Rabid Dog (Episode 12)
Berkay,2023-05-13 13:39:20,00:19:55,Breaking Bad: Season 5: Confessions (Episode 11)
Berkay,2023-05-13 11:29:50,00:28:42,Breaking Bad: Season 5: Confessions (Episode 11)
Berkay,2023-05-13 10:30:49,00:49:16,Breaking Bad: Season 5: Buried (Episode 10)
Berkay,2023-05-13 10:08:00,00:19:53,Breaking Bad: Season 5: Blood Money (Episode 9)
Berkay,2023-05-12 20:49:59,00:20:15,Breaking Bad: Season 5: Blood Money (Episode 9)
Berkay,2023-05-11 23:31:10,00:19:15,Breaking Bad: Season 5: Blood Money (Episode 9)
Berkay,2023-05-11 23:29:30,00:01:32,Breaking Bad: Season 5: Gliding Over All (Episode 8)
Berkay,2023-05-11 23:29:21,00:00:04,Breaking Bad: Season 5: Blood Money (Episode 9)
Berkay,2023-05-11 15:50:49,00:20:55,Breaking Bad: Season 5: Gliding Over All (Episode 8)
Berkay,2023-05-11 15:49:14,00:01:07,Breaking Bad: Season 5: Say My Name (Episode 7)
Berkay,2023-05-11 15:35:48,00:06:06,Breaking Bad: Season 5: Gliding Over All (Episode 8)
Berkay,2023-05-09 22:48:43,00:18:56,Breaking Bad: Season 5: Gliding Over All (Episode 8)
Berkay,2023-05-09 21:23:44,00:09:24,Breaking Bad: Season 5: Gliding Over All (Episode 8)
Berkay,2023-05-09 20:33:36,00:47:52,Breaking Bad: Season 5: Say My Name (Episode 7)
Berkay,2023-05-09 19:43:48,00:47:47,Breaking Bad: Season 5: Buyout (Episode 6)
Berkay,2023-05-09 19:30:00,00:13:44,Breaking Bad: Season 5: Dead Freight (Episode 5)
Berkay,2023-05-08 21:15:24,00:35:05,Breaking Bad: Season 5: Dead Freight (Episode 5)
Berkay,2023-05-08 20:59:20,00:15:25,Breaking Bad: Season 5: Fifty-One (Episode 4)
Berkay,2023-05-08 15:12:14,00:34:07,Breaking Bad: Season 5: Fifty-One (Episode 4)
Berkay,2023-05-08 14:47:15,00:21:33,Breaking Bad: Season 5: Hazard Pay (Episode 3)
Berkay,2023-05-08 14:45:02,00:01:24,Breaking Bad: Season 5: Hazard Pay (Episode 3)
Berkay,2023-05-08 14:04:26,00:26:36,Breaking Bad: Season 5: Hazard Pay (Episode 3)
Berkay,2023-05-08 14:04:18,00:00:03,Breaking Bad: Season 5: Madrigal (Episode 2)
Berkay,2023-05-08 14:03:51,00:00:22,Breaking Bad: Season 5: Hazard Pay (Episode 3)
Berkay,2023-05-07 18:55:48,00:32:18,Breaking Bad: Season 5: Madrigal (Episode 2)
Berkay,2023-05-06 21:57:55,00:22:39,Breaking Bad: Season 5: Madrigal (Episode 2)
Berkay,2023-05-06 21:43:21,00:11:58,Breaking Bad: Season 5: Live Free Or Die (Episode 1)
Berkay,2023-05-06 19:21:38,00:31:29,Breaking Bad: Season 5: Live Free Or Die (Episode 1)
Berkay,2023-05-06 18:27:11,00:50:03,Breaking Bad: Season 4: Face Off (Episode 13)
Berkay,2023-05-06 17:18:03,00:40:23,Breaking Bad: Season 4: End Times (Episode 12)
Berkay,2023-05-05 20:22:03,00:09:01,Breaking Bad: Season 4: End Times (Episode 12)
Berkay,2023-05-05 19:47:59,00:29:45,Breaking Bad: Season 4: Crawl Space (Episode 11)
Berkay,2023-05-05 19:16:31,00:17:33,Breaking Bad: Season 4: Crawl Space (Episode 11)
Berkay,2023-05-05 19:07:29,00:08:53,Breaking Bad: Season 4: Salud (Episode 10)
Berkay,2023-05-05 19:06:03,00:01:09,Breaking Bad: Season 4: Bug (Episode 9)
Berkay,2023-05-05 18:40:02,00:14:56,Breaking Bad: Season 4: Salud (Episode 10)
Berkay,2023-05-05 17:43:42,00:19:07,Breaking Bad: Season 4: Salud (Episode 10)
Berkay,2023-05-04 21:46:14,00:07:17,Breaking Bad: Season 4: Salud (Episode 10)
Berkay,2023-05-04 21:37:59,00:07:59,Breaking Bad: Season 4: Bug (Episode 9)
Berkay,2023-05-04 21:37:44,00:00:11,Breaking Bad: Season 4: Salud (Episode 10)
Berkay,2023-05-04 21:37:13,00:00:06,Breaking Bad: Season 4: Bug (Episode 9)
Berkay,2023-05-04 21:37:04,00:00:02,Breaking Bad: Season 4: Salud (Episode 10)
Berkay,2023-05-03 11:27:24,00:11:25,Spirited Away
Berkay,2023-05-03 11:27:13,00:00:01,The Office (U.S.): Season 1: Pilot (Episode 1)
Berkay,2023-05-02 19:37:41,01:11:52,Spirited Away
Berkay,2023-05-02 19:37:27,00:00:09,My Neighbor Totoro_hook_03_16x9
Berkay,2023-05-02 19:36:42,00:00:26,Ponyo on the Cliff by the Sea_hook_01_16x9
Berkay,2023-05-02 19:35:28,00:00:12,Season 1 Villain / Antagonist Clip: Lookism
Berkay,2023-05-02 19:35:03,00:00:05,Season 1 Trailer: Baki Hanma
Berkay,2023-05-02 19:34:19,00:00:13,Spirited Away_hook_primary_16x9
Berkay,2023-04-29 07:12:10,00:00:01,Breaking Bad: Season 4: Salud (Episode 10)
Berkay,2023-04-29 06:32:54,00:39:09,Breaking Bad: Season 4: Bug (Episode 9)
Berkay,2023-04-29 06:31:59,00:00:41,Breaking Bad: Season 4: Hermanos (Episode 8)
Berkay,2023-04-29 06:27:15,00:04:09,Breaking Bad: Season 4: Bug (Episode 9)
Berkay,2023-04-29 02:39:12,00:00:02,Breaking Bad: Season 4: Bug (Episode 9)
Berkay,2023-04-28 20:33:29,00:06:41,Breaking Bad: Season 4: Bug (Episode 9)
Berkay,2023-04-28 19:43:20,00:49:53,Breaking Bad: Season 4: Hermanos (Episode 8)
Berkay,2023-04-28 19:13:01,00:26:14,Breaking Bad: Season 4: Problem Dog (Episode 7)
Berkay,2023-04-28 17:21:57,00:27:01,Breaking Bad: Season 4: Problem Dog (Episode 7)
Berkay,2023-04-28 16:25:47,00:47:52,Breaking Bad: Season 4: Cornered (Episode 6)
Berkay,2023-04-28 15:29:55,00:46:29,Breaking Bad: Season 4: Shotgun (Episode 5)
Berkay,2023-04-28 15:14:50,00:14:10,Breaking Bad: Season 4: Bullet Points (Episode 4)
Berkay,2023-04-28 13:25:52,00:23:15,Breaking Bad: Season 4: Bullet Points (Episode 4)
Berkay,2023-04-24 21:53:23,00:09:33,Breaking Bad: Season 4: Bullet Points (Episode 4)
Berkay,2023-04-24 15:42:38,00:00:01,Breaking Bad: Season 4: Bullet Points (Episode 4)
Berkay,2023-04-24 14:57:03,00:42:47,Breaking Bad: Season 4: Open House (Episode 3)
Berkay,2023-04-23 19:56:22,00:08:26,Breaking Bad: Season 4: Open House (Episode 3)
Berkay,2023-04-23 19:06:49,00:49:02,Breaking Bad: Season 4: Thirty-Eight Snub (Episode 2)
Berkay,2023-04-23 19:06:37,00:00:07,Breaking Bad: Season 4: Box Cutter (Episode 1)
Berkay,2023-04-23 19:06:00,00:00:19,Breaking Bad: Season 4: Thirty-Eight Snub (Episode 2)
Berkay,2023-04-23 19:03:05,00:02:54,Breaking Bad: Season 4: Box Cutter (Episode 1)
Berkay,2023-04-23 18:57:26,00:03:13,Breaking Bad: Season 4: Box Cutter (Episode 1)
Berkay,2023-04-23 05:04:04,00:40:31,Breaking Bad: Season 4: Box Cutter (Episode 1)
Berkay,2023-04-23 04:57:05,00:06:33,Breaking Bad: Season 3: Full Measure (Episode 13)
Berkay,2023-04-22 19:59:05,00:43:27,Breaking Bad: Season 3: Full Measure (Episode 13)
Berkay,2023-04-22 19:40:36,00:16:45,Breaking Bad: Season 3: Half Measures (Episode 12)
Berkay,2023-04-21 20:09:38,00:19:56,Breaking Bad: Season 3: Half Measures (Episode 12)
Berkay,2023-04-21 19:08:11,00:03:00,Breaking Bad: Season 3: Half Measures (Episode 12)
Berkay,2023-04-20 20:53:43,00:13:54,Breaking Bad: Season 3: Half Measures (Episode 12)
Berkay,2023-04-20 20:15:23,00:31:47,Breaking Bad: Season 3: Abiquiu (Episode 11)
Berkay,2023-04-20 18:29:14,00:17:20,Breaking Bad: Season 3: Abiquiu (Episode 11)
Berkay,2023-04-20 18:16:51,00:08:01,Breaking Bad: Season 3: Fly (Episode 10)
Berkay,2023-04-20 15:50:58,00:01:33,Breaking Bad: Season 3: Fly (Episode 10)
Berkay,2023-04-19 20:24:42,00:29:12,Breaking Bad: Season 3: Fly (Episode 10)
Berkay,2023-04-19 20:23:59,00:00:05,Back Street Girls: Season 1 (Trailer)
Berkay,2023-04-19 20:23:44,00:00:08,Season 1 Cliffhanger Clip: KAKEGURUI TWIN
Berkay,2023-04-19 20:23:26,00:00:09,Season 1 Genre Specific Moment Clip: Kotaro Lives Alone
Berkay,2023-04-19 20:23:15,00:00:06,Season 1 Main Character Intro Clip: Uncle from Another World
Berkay,2023-04-19 20:10:42,00:00:06,When They Cry_hook_primary_16x9
Berkay,2023-04-19 20:10:32,00:00:04,Girl from Nowhere: Season 2 - Baseline Clip 1
Berkay,2023-04-19 20:09:21,00:00:05,When They Cry_hook_primary_16x9
Berkay,2023-04-19 20:09:02,00:00:18,When They Cry_hook_primary_16x9
Berkay,2023-04-18 21:28:05,00:15:23,Breaking Bad: Season 3: Fly (Episode 10)
Berkay,2023-04-18 20:48:02,00:39:12,Breaking Bad: Season 3: Kafkaesque (Episode 9)
Berkay,2023-04-17 14:19:24,00:09:31,Breaking Bad: Season 3: Kafkaesque (Episode 9)
Berkay,2023-04-17 13:31:13,00:46:41,Breaking Bad: Season 3: I See You (Episode 8)
Berkay,2023-04-17 13:08:15,00:11:30,Breaking Bad: Season 3: One Minute (Episode 7)
Berkay,2023-04-17 06:12:10,00:25:05,Breaking Bad: Season 3: One Minute (Episode 7)
Berkay,2023-04-16 20:20:36,00:14:51,Breaking Bad: Season 3: One Minute (Episode 7)
Berkay,2023-04-16 18:59:57,00:04:18,Breaking Bad: Season 3: One Minute (Episode 7)
Berkay,2023-04-16 18:24:18,00:32:04,Breaking Bad: Season 3: Sunset (Episode 6)
Berkay,2023-04-15 21:01:39,00:15:15,Breaking Bad: Season 3: Sunset (Episode 6)
Berkay,2023-04-15 20:52:21,00:09:13,Breaking Bad: Season 3: Mas (Episode 5)
Berkay,2023-04-15 20:00:47,00:30:18,Breaking Bad: Season 3: Mas (Episode 5)
Berkay,2023-04-15 19:56:58,00:03:20,Breaking Bad: Season 3: Green Light (Episode 4)
Berkay,2023-04-15 19:53:20,00:02:17,Breaking Bad: Season 3: Mas (Episode 5)
Berkay,2023-04-15 19:43:37,00:08:16,Breaking Bad: Season 3: Mas (Episode 5)
Berkay,2023-04-15 19:41:44,00:01:33,Breaking Bad: Season 3: Green Light (Episode 4)
Berkay,2023-04-15 19:41:35,00:00:04,Breaking Bad: Season 3: Mas (Episode 5)
Berkay,2023-04-14 19:38:39,00:49:08,Breaking Bad: Season 3: Green Light (Episode 4)
Berkay,2023-04-14 19:18:54,00:17:25,Breaking Bad: Season 3: I.F.T. (Episode 3)
Berkay,2023-04-14 18:31:02,00:00:07,Breaking Bad: Season 1_hook_03_16x9
Berkay,2023-04-12 20:36:36,00:17:29,Breaking Bad: Season 3: I.F.T. (Episode 3)
Berkay,2023-04-11 14:21:30,00:19:27,Breaking Bad: Season 3: I.F.T. (Episode 3)
Berkay,2023-04-11 14:21:17,00:00:03,Breaking Bad: Season 3: Caballo Sin Nombre (Episode 2)
Berkay,2023-04-11 14:21:00,00:00:14,Breaking Bad: Season 3: I.F.T. (Episode 3)
Berkay,2023-04-11 14:17:59,00:02:37,Breaking Bad: Season 3: Caballo Sin Nombre (Episode 2)
Berkay,2023-04-11 14:17:51,00:00:02,Breaking Bad: Season 3: I.F.T. (Episode 3)
Berkay,2023-04-10 19:12:19,00:01:17,Breaking Bad: Season 3: I.F.T. (Episode 3)
Berkay,2023-04-10 18:25:13,00:46:27,Breaking Bad: Season 3: Caballo Sin Nombre (Episode 2)
Berkay,2023-04-10 17:44:52,00:25:06,Breaking Bad: Season 3: No Más (Episode 1)
Berkay,2023-04-09 21:58:02,00:23:39,Breaking Bad: Season 3: No Más (Episode 1)
Berkay,2023-04-09 17:05:46,00:11:31,Breaking Bad: Season 3: No Más (Episode 1)
Berkay,2023-04-09 17:01:11,00:04:34,Breaking Bad: Season 2: ABQ (Episode 13)
Berkay,2023-04-09 15:12:52,00:41:50,Breaking Bad: Season 2: ABQ (Episode 13)
Berkay,2023-04-09 14:52:35,00:17:33,Breaking Bad: Season 2: Phoenix (Episode 12)
Berkay,2023-04-09 06:39:55,00:10:15,Breaking Bad: Season 2: Phoenix (Episode 12)
Berkay,2023-04-08 21:36:53,00:17:48,Breaking Bad: Season 2: Phoenix (Episode 12)
Berkay,2023-04-08 21:36:43,00:00:01,Breaking Bad: Season 2: Mandala (Episode 11)
Berkay,2023-04-08 21:31:59,00:04:38,Breaking Bad: Season 2: Phoenix (Episode 12)
Berkay,2023-04-08 21:02:41,00:29:12,Breaking Bad: Season 2: Mandala (Episode 11)
Berkay,2023-04-08 20:44:26,00:16:55,Breaking Bad: Season 2: Mandala (Episode 11)
Berkay,2023-04-08 20:22:10,00:22:07,Breaking Bad: Season 2: Over (Episode 10)
Berkay,2023-04-08 19:20:44,00:23:54,Breaking Bad: Season 2: Over (Episode 10)
Berkay,2023-04-08 18:47:34,00:29:40,Breaking Bad: Season 2: 4 Days Out (Episode 9)
Berkay,2023-04-08 17:20:26,00:16:38,Breaking Bad: Season 2: 4 Days Out (Episode 9)
Berkay,2023-04-08 16:26:05,00:49:21,Breaking Bad: Season 2: Better Call Saul (Episode 8)
Berkay,2023-04-08 15:37:53,00:47:07,Breaking Bad: Season 2: Negro y Azul (Episode 7)
Berkay,2023-04-08 15:00:32,00:37:10,Breaking Bad: Season 2: Peekaboo (Episode 6)
Berkay,2023-04-08 14:09:41,00:02:13,Breaking Bad: Season 2: Peekaboo (Episode 6)
Berkay,2023-04-08 14:08:54,00:00:32,Breaking Bad: Season 2: Breakage (Episode 5)
Berkay,2023-04-08 13:57:17,00:11:25,Breaking Bad: Season 2: Peekaboo (Episode 6)
Berkay,2023-04-08 13:44:15,00:12:37,Breaking Bad: Season 2: Breakage (Episode 5)
Berkay,2023-04-07 18:28:21,00:24:45,Breaking Bad: Season 2: Breakage (Episode 5)
Berkay,2023-04-07 16:28:10,00:10:23,Breaking Bad: Season 2: Breakage (Episode 5)
Berkay,2023-04-07 15:04:51,00:00:02,Breaking Bad: Season 2: Breakage (Episode 5)
Berkay,2023-04-07 14:48:23,00:09:08,Breaking Bad: Season 2: Down (Episode 4)
Berkay,2023-04-07 10:54:09,00:29:18,Breaking Bad: Season 2: Down (Episode 4)
Berkay,2023-04-07 10:09:41,00:08:45,Breaking Bad: Season 2: Down (Episode 4)
Berkay,2023-04-07 10:07:42,00:01:57,Breaking Bad: Season 2: Bit by a Dead Bee (Episode 3)
Berkay,2023-04-07 08:55:52,00:44:26,Breaking Bad: Season 2: Bit by a Dead Bee (Episode 3)
Berkay,2023-04-07 08:55:46,00:00:03,Breaking Bad: Season 2: Grilled (Episode 2)
Berkay,2023-04-07 08:42:13,00:00:39,Breaking Bad: Season 2: Bit by a Dead Bee (Episode 3)
Berkay,2023-04-07 08:22:48,00:16:05,Breaking Bad: Season 2: Grilled (Episode 2)
Berkay,2023-04-06 20:05:31,00:32:11,Breaking Bad: Season 2: Grilled (Episode 2)
Berkay,2023-04-06 19:41:00,00:03:54,Breaking Bad: Season 2: Grilled (Episode 2)
Berkay,2023-04-06 19:21:03,00:19:44,Breaking Bad: Season 2: Seven Thirty-Seven (Episode 1)
Berkay,2023-04-05 20:35:15,00:19:47,Breaking Bad: Season 2: Seven Thirty-Seven (Episode 1)
Berkay,2023-04-05 14:16:52,00:07:15,Breaking Bad: Season 2: Seven Thirty-Seven (Episode 1)
Berkay,2023-04-05 13:55:34,00:06:17,Breaking Bad: Season 1: A No-Rough-Stuff-Type Deal (Episode 7)
Berkay,2023-04-05 12:35:56,00:10:57,Breaking Bad: Season 1: A No-Rough-Stuff-Type Deal (Episode 7)
Berkay,2023-04-04 20:15:26,00:31:24,Breaking Bad: Season 1: A No-Rough-Stuff-Type Deal (Episode 7)
Berkay,2023-04-04 19:25:33,00:48:16,Breaking Bad: Season 1: Crazy Handful of Nothin' (Episode 6)
Berkay,2023-04-04 18:46:24,00:37:28,Breaking Bad: Season 1: Gray Matter (Episode 5)
Berkay,2023-04-04 18:23:37,00:10:29,Breaking Bad: Season 1: Gray Matter (Episode 5)
Berkay,2023-04-04 18:11:47,00:11:35,Breaking Bad: Season 1: Cancer Man (Episode 4)
Berkay,2023-04-04 18:11:19,00:00:08,Breaking Bad: Season 1: And the Bag's in the River (Episode 3)
Berkay,2023-04-04 17:39:24,00:31:28,Breaking Bad: Season 1: Cancer Man (Episode 4)
Berkay,2023-04-04 06:34:41,00:05:38,Breaking Bad: Season 1: Cancer Man (Episode 4)
Berkay,2023-04-04 06:18:40,00:13:23,Breaking Bad: Season 1: And the Bag's in the River (Episode 3)
Berkay,2023-04-03 23:10:03,00:25:47,Breaking Bad: Season 1: And the Bag's in the River (Episode 3)
Berkay,2023-04-03 21:14:30,00:11:11,Breaking Bad: Season 1: And the Bag's in the River (Episode 3)
Berkay,2023-04-03 20:26:10,00:47:34,Breaking Bad: Season 1: The Cat's in the Bag (Episode 2)
Berkay,2023-04-03 20:22:44,00:03:01,Breaking Bad: Season 1: Pilot (Episode 1)
Berkay,2023-04-03 20:22:36,00:00:04,Breaking Bad: Season 1: The Cat's in the Bag (Episode 2)
Berkay,2023-04-03 20:17:50,00:00:39,Riverdale: Season 4 (Trailer)
Berkay,2023-04-03 06:45:16,00:01:20,Breaking Bad: Season 1: Pilot (Episode 1)
Berkay,2023-04-02 21:12:34,00:59:19,Breaking Bad: Season 1: Pilot (Episode 1)
Berkay,2023-04-02 21:10:56,00:00:22,Breaking Bad: Season 1_hook_02_16x9
Berkay,2023-03-28 21:19:36,00:16:07,The Godfather: Part II
Berkay,2023-03-22 10:17:58,01:23:35,The Godfather: Part II
Berkay,2023-03-18 21:04:42,00:12:48,Avatar: The Last Airbender: Book 1: The Waterbending Scroll (Episode 9)
Berkay,2023-03-18 20:42:00,00:22:27,Avatar: The Last Airbender: Book 1: Winter Solstice: Part 2: Avatar Roku (Episode 8)
Berkay,2023-03-18 20:33:52,00:08:02,Avatar: The Last Airbender: Book 1: Winter Solstice: Part 1: The Spirit World (Episode 7)
Berkay,2023-03-18 13:22:03,00:15:32,Avatar: The Last Airbender: Book 1: Winter Solstice: Part 1: The Spirit World (Episode 7)
Berkay,2023-03-18 13:00:11,00:20:19,Avatar: The Last Airbender: Book 1: Imprisoned (Episode 6)
Berkay,2023-03-18 06:09:50,00:01:46,Avatar: The Last Airbender: Book 1: Imprisoned (Episode 6)
Berkay,2023-03-18 05:58:06,00:10:56,Avatar: The Last Airbender: Book 1: The King of Omashu (Episode 5)
Berkay,2023-03-17 20:02:21,00:12:45,Avatar: The Last Airbender: Book 1: The King of Omashu (Episode 5)
Berkay,2023-03-17 20:01:46,00:00:16,Avatar: The Last Airbender: Book 1: The King of Omashu (Episode 5)
Berkay,2023-03-17 19:38:03,00:22:44,Avatar: The Last Airbender: Book 1: The Warriors of Kyoshi (Episode 4)
Berkay,2023-03-17 19:13:42,00:23:48,Avatar: The Last Airbender: Book 1: The Southern Air Temple (Episode 3)
Berkay,2023-03-17 19:10:51,00:02:07,Avatar: The Last Airbender: Book 1: The Boy in the Iceberg (Episode 1)
Berkay,2023-03-17 18:42:33,00:01:18,Avatar: The Last Airbender: Book 1: The Avatar Returns (Episode 2)
Berkay,2023-03-17 18:41:09,00:00:03,Avatar: The Last Airbender: Book 1: The Avatar Returns (Episode 2)
Berkay,2023-03-16 00:06:57,00:05:05,Avatar: The Last Airbender: Book 1: The Avatar Returns (Episode 2)
Berkay,2023-03-15 11:07:11,00:00:42,Kakegurui xx (Trailer)
Berkay,2023-03-15 11:06:33,00:00:20,Avatar: The Last Airbender: Book 1_hook_primary_16x9
Berkay,2023-03-15 11:06:16,00:00:06,Avatar: The Last Airbender: Book 1_hook_primary_16x9
Berkay,2023-03-15 10:22:24,00:00:05,The Godfather: Part II_hook_primary_16x9
Berkay,2023-03-15 10:21:49,00:00:20,Main Character Clip 4: Glass Onion: A Knives Out Mystery
Berkay,2023-03-15 10:20:24,00:01:09,Too Hot to Handle: Season 2: Clip: Intense Emotion
Berkay,2023-03-15 10:20:01,00:00:15,Devilman Crybaby (Trailer)
Berkay,2023-03-15 07:15:28,00:00:25,Avatar: The Last Airbender: Book 1_hook_primary_16x9
Berkay,2023-03-15 07:13:30,00:00:29,Neon Genesis Evangelion: Season 1_hook_primary_16x9
Berkay,2023-03-15 06:56:42,00:00:09,Neon Genesis Evangelion: Season 1_hook_primary_16x9
Berkay,2023-03-15 06:56:36,00:00:05,Neon Genesis Evangelion: Season 1_hook_primary_16x9
Berkay,2023-03-15 06:55:13,00:00:45,Season 6 Supporting Character Clip: Elite
Berkay,2023-03-15 06:53:15,00:00:11,Cliffhanger Clip: Disenchantment: Part 4
Berkay,2023-03-15 06:52:47,00:00:16,Kakegurui xx (Trailer)
Berkay,2023-03-15 06:52:37,00:00:06,Season 1 Villain / Antagonist Clip: KAKEGURUI TWIN
Berkay,2023-03-15 06:51:03,00:00:26,Monster (Anime): Season 1_hook_primary_16x9
Berkay,2023-03-15 06:48:57,00:00:23,The Disastrous Life of Saiki K.: Season 1_hook_primary_16x9
Berkay,2023-03-15 06:48:51,00:00:05,The Disastrous Life of Saiki K.: Season 1_hook_primary_16x9
Berkay,2023-03-15 06:48:30,00:00:14,BLACK LAGOON_hook_01_16x9
Berkay,2023-03-15 06:47:42,00:00:09,Devilman Crybaby (Trailer)
Berkay,2023-03-15 06:47:25,00:00:02,Avatar: The Last Airbender: Book 1: The Boy in the Iceberg (Episode 1)
Berkay,2023-03-15 06:46:34,00:00:28,Avatar: The Last Airbender: Book 1_hook_primary_16x9
Berkay,2023-03-15 06:46:12,00:00:20,Avatar: The Last Airbender: Book 1_hook_primary_16x9
Berkay,2023-03-15 06:46:02,00:00:08,Avatar: The Last Airbender: Book 1_hook_primary_16x9
Berkay,2023-03-08 17:44:51,00:00:16,Love 101: Season 1 - Upper Bound Clip 8
Berkay,2023-02-26 14:58:20,00:00:10,Breaking Bad: Season 1_hook_05_16x9
Berkay,2023-02-26 14:56:16,00:01:58,The Flash: Season 1: Pilot (Episode 1)
Berkay,2023-02-26 07:43:41,00:00:04,Season 2 Trailer: Wrong Side of the Tracks
Berkay,2023-02-23 16:17:06,00:00:06,Titans: Season 1 (Trailer)
Berkay,2023-02-23 16:16:56,00:00:01,The Umbrella Academy: Season 3: Kindest Cut (Episode 5)
Berkay,2023-02-23 14:38:31,00:07:15,The Umbrella Academy: Season 3: Kindest Cut (Episode 5)
Berkay,2023-02-23 14:03:25,00:26:47,The Umbrella Academy: Season 3: Kugelblitz (Episode 4)
Berkay,2023-02-23 14:02:58,00:00:20,The Flash: Season 1: Pilot (Episode 1)
Berkay,2023-02-23 14:01:50,00:00:29,The Flash: Season 1: Pilot (Episode 1)
Berkay,2023-02-21 23:21:13,00:18:12,The Flash: Season 1: Pilot (Episode 1)
Berkay,2023-02-21 23:20:45,00:00:23,The Flash: Season 1_hook_primary_16x9
Berkay,2023-02-21 23:13:23,00:00:15,The Flash: Season 1_hook_primary_16x9
Berkay,2023-02-20 22:05:30,00:00:06,Trailer: We Have a Ghost
Berkay,2023-02-20 22:05:28,00:00:18,Season 1 Trailer: Too Hot To Handle: Germany
Berkay,2023-02-18 18:02:10,00:06:02,All The Bright Places
Berkay,2023-02-18 18:01:41,00:00:07,Closer_hook_05_16x9
Berkay,2023-02-18 18:01:28,00:00:04,Meet Joe Black_hook_02_16x9
Berkay,2023-02-18 18:01:04,00:00:05,Main Character Intro Clip: Unlocked
Berkay,2023-02-16 23:12:59,00:40:47,The Umbrella Academy: Season 3: Kugelblitz (Episode 4)
Berkay,2023-02-16 22:51:42,00:11:35,The Umbrella Academy: Season 3: Pocket Full of Lightning (Episode 3)
Berkay,2023-02-16 22:07:41,00:25:53,The Umbrella Academy: Season 3: Pocket Full of Lightning (Episode 3)
Berkay,2023-02-16 13:51:31,00:11:06,The Umbrella Academy: Season 3: Pocket Full of Lightning (Episode 3)
Berkay,2023-02-16 13:33:43,00:04:09,The Umbrella Academy: Season 3: World's Biggest Ball of Twine (Episode 2)
Berkay,2023-02-16 12:58:26,00:03:53,The Umbrella Academy: Season 3: World's Biggest Ball of Twine (Episode 2)
Berkay,2023-02-15 23:29:19,00:47:06,The Umbrella Academy: Season 3: World's Biggest Ball of Twine (Episode 2)
Berkay,2023-02-15 22:40:32,00:48:21,The Umbrella Academy: Season 3: Meet the Family (Episode 1)
Berkay,2023-02-15 21:53:17,00:47:05,The Umbrella Academy: Season 2: The End of Something (Episode 10)
Berkay,2023-02-15 21:51:32,00:01:42,The Umbrella Academy: Season 2: 743 (Episode 9)
Berkay,2023-02-15 21:49:41,00:01:34,The Umbrella Academy: Season 1: The White Violin (Episode 10)
Berkay,2023-02-15 21:49:18,00:00:06,The Umbrella Academy: Season 1: I Heard a Rumor (Episode 8)
Berkay,2023-02-15 21:48:36,00:00:06,The Umbrella Academy: Season 1: Changes (Episode 9)
Berkay,2023-02-15 21:25:42,00:22:31,The Umbrella Academy: Season 2: 743 (Episode 9)
Berkay,2023-02-15 21:11:13,00:13:57,The Umbrella Academy: Season 2: 743 (Episode 9)
Berkay,2023-02-15 20:03:26,00:00:32,The Umbrella Academy: Season 2: 743 (Episode 9)
Berkay,2023-02-15 19:17:22,00:45:01,The Umbrella Academy: Season 2: The Seven Stages (Episode 8)
Berkay,2023-02-15 18:31:14,00:45:12,The Umbrella Academy: Season 2: Öga for Öga (Episode 7)
Berkay,2023-02-15 17:11:25,00:47:17,The Umbrella Academy: Season 2: A Light Supper (Episode 6)
Berkay,2023-02-15 16:22:23,00:46:37,The Umbrella Academy: Season 2: Valhalla (Episode 5)
Berkay,2023-02-15 16:14:33,00:07:28,The Umbrella Academy: Season 2: The Majestic 12 (Episode 4)
Berkay,2023-02-15 16:13:33,00:00:33,The Umbrella Academy: Season 2: The Swedish Job (Episode 3)
Berkay,2023-02-15 15:15:50,00:43:58,The Umbrella Academy: Season 2: The Majestic 12 (Episode 4)
Berkay,2023-02-15 14:20:21,00:47:40,The Umbrella Academy: Season 2: The Swedish Job (Episode 3)
Berkay,2023-02-15 13:28:40,00:49:11,The Umbrella Academy: Season 2: The Frankel Footage (Episode 2)
Berkay,2023-02-15 12:43:47,00:44:48,The Umbrella Academy: Season 2: Right Back Where We Started (Episode 1)
Berkay,2023-02-15 12:01:08,00:41:01,The Umbrella Academy: Season 1: The White Violin (Episode 10)
Berkay,2023-02-15 11:18:47,00:41:57,The Umbrella Academy: Season 1: Changes (Episode 9)
Berkay,2023-02-15 10:24:23,00:39:02,The Umbrella Academy: Season 1: I Heard a Rumor (Episode 8)
Berkay,2023-02-15 09:24:43,00:55:41,The Umbrella Academy: Season 1: The Day That Was (Episode 7)
Berkay,2023-02-15 08:48:38,00:29:58,The Umbrella Academy: Season 1: The Day That Wasn't (Episode 6)
Berkay,2023-02-15 08:48:17,00:00:09,Kuroko's Basketball: Season 1_hook_primary_16x9
Berkay,2023-02-15 08:47:52,00:00:06,The Social Network_hook_primary_16x9
Berkay,2023-02-15 08:47:24,00:00:07,Trailer: Unlocked
Berkay,2023-02-15 08:46:55,00:00:12,Season 2 Teaser: Sex/Life
Berkay,2023-02-15 08:46:54,00:00:16,Ikebukuro West Gate Park (Live Action): Season 1_hook_primary_16x9
Berkay,2023-02-15 08:46:30,00:00:17,Season 5 Trailer: Aggretsuko
Berkay,2023-02-14 22:13:53,00:26:11,The Umbrella Academy: Season 1: The Day That Wasn't (Episode 6)
Berkay,2023-02-14 21:15:19,00:58:07,The Umbrella Academy: Season 1: Number Five (Episode 5)
Berkay,2023-02-14 20:25:18,00:42:01,The Umbrella Academy: Season 1: Man on the Moon (Episode 4)
Berkay,2023-02-14 20:15:43,00:09:30,The Umbrella Academy: Season 1: Man on the Moon (Episode 4)
Berkay,2023-02-14 19:15:14,00:53:09,The Umbrella Academy: Season 1: Extra Ordinary (Episode 3)
Berkay,2023-02-14 18:32:39,00:40:06,The Umbrella Academy: Season 1: Run Boy Run (Episode 2)
Berkay,2023-02-13 22:06:32,00:17:50,The Umbrella Academy: Season 1: Run Boy Run (Episode 2)
Berkay,2023-02-13 21:52:42,00:13:39,The Umbrella Academy: Season 1: We Only See Each Other at Weddings and Funerals (Episode 1)
Berkay,2023-02-13 21:32:35,00:19:19,The Umbrella Academy: Season 1: We Only See Each Other at Weddings and Funerals (Episode 1)
Berkay,2023-02-13 19:29:18,00:41:41,The Umbrella Academy: Season 1: We Only See Each Other at Weddings and Funerals (Episode 1)
Berkay,2023-02-13 19:28:50,00:00:26,Season 3 Main Character Intro Clip: The Umbrella Academy
Berkay,2023-02-13 19:28:39,00:00:06,Closer_hook_01_16x9
Berkay,2023-02-13 19:28:27,00:00:06,Closer_hook_01_16x9
Berkay,2023-02-13 16:38:02,00:00:57,I'm Thinking of Ending Things PVS Clip 4
Berkay,2023-02-13 16:37:06,00:00:43,The Social Network_hook_primary_16x9
Berkay,2023-02-13 16:36:35,00:00:19,Plot Clip: Don't Look Up
Berkay,2023-02-13 16:35:07,00:01:16,All The Bright Places (Trailer)
Berkay,2023-02-13 16:34:48,00:00:09,Season 3 Teaser 2: You
Berkay,2023-02-13 16:34:32,00:00:11,Meet Joe Black_hook_02_16x9
Berkay,2023-02-13 16:34:13,00:00:13,Closer_hook_01_16x9
Berkay,2023-02-07 22:35:09,00:18:35,13 Reasons Why: Season 2: Two Girls Kissing (Episode 2)
Berkay,2023-02-07 21:40:31,00:00:09,13 Reasons Why: Season 2: Two Girls Kissing (Episode 2)
Berkay,2023-02-07 21:16:55,00:22:22,13 Reasons Why: Season 2: The First Polaroid (Episode 1)
Berkay,2023-02-05 23:30:59,00:43:52,13 Reasons Why: Season 2: The First Polaroid (Episode 1)
Berkay,2023-02-05 12:47:55,00:00:01,13 Reasons Why: Season 2: The First Polaroid (Episode 1)
Berkay,2023-02-05 11:44:38,00:55:01,"13 Reasons Why: Season 1: Tape 7, Side A (Episode 13)"
Berkay,2023-02-05 11:09:01,00:33:52,"13 Reasons Why: Season 1: Tape 6, Side B (Episode 12)"
Berkay,2023-02-05 10:10:05,00:12:27,"13 Reasons Why: Season 1: Tape 6, Side B (Episode 12)"
Berkay,2023-02-05 10:08:47,00:00:53,"13 Reasons Why: Season 1: Tape 5, Side B (Episode 10)"
Berkay,2023-02-05 09:59:34,00:08:48,"13 Reasons Why: Season 1: Tape 6, Side B (Episode 12)"
Berkay,2023-02-05 09:57:09,00:01:59,"13 Reasons Why: Season 1: Tape 6, Side A (Episode 11)"
Berkay,2023-02-05 09:52:57,00:03:37,"13 Reasons Why: Season 1: Tape 6, Side B (Episode 12)"
Berkay,2023-02-02 22:06:45,00:10:12,"13 Reasons Why: Season 1: Tape 6, Side B (Episode 12)"
Berkay,2023-02-02 21:55:35,00:10:43,"13 Reasons Why: Season 1: Tape 6, Side A (Episode 11)"
Berkay,2023-02-01 21:07:50,00:48:28,"13 Reasons Why: Season 1: Tape 6, Side A (Episode 11)"
Berkay,2023-02-01 20:07:49,00:56:19,"13 Reasons Why: Season 1: Tape 5, Side B (Episode 10)"
Berkay,2023-02-01 19:44:40,00:22:36,"13 Reasons Why: Season 1: Tape 5, Side A (Episode 9)"
Berkay,2023-02-01 18:04:36,00:33:11,"13 Reasons Why: Season 1: Tape 5, Side A (Episode 9)"
Berkay,2023-02-01 18:04:28,00:00:04,"13 Reasons Why: Season 1: Tape 4, Side B (Episode 8)"
Berkay,2023-02-01 17:59:11,00:05:03,"13 Reasons Why: Season 1: Tape 5, Side A (Episode 9)"
Berkay,2023-02-01 16:56:16,00:54:46,"13 Reasons Why: Season 1: Tape 4, Side B (Episode 8)"
Berkay,2023-02-01 15:59:20,00:54:59,"13 Reasons Why: Season 1: Tape 4, Side A (Episode 7)"
Berkay,2023-02-01 15:55:23,00:03:07,"13 Reasons Why: Season 1: Tape 3, Side B (Episode 6)"
Berkay,2023-02-01 03:26:53,00:45:59,"13 Reasons Why: Season 1: Tape 3, Side B (Episode 6)"
Berkay,2023-02-01 02:29:32,00:56:50,"13 Reasons Why: Season 1: Tape 3, Side A (Episode 5)"
Berkay,2023-02-01 01:32:21,00:56:55,"13 Reasons Why: Season 1: Tape 2, Side B (Episode 4)"
Berkay,2023-02-01 00:33:07,00:57:13,"13 Reasons Why: Season 1: Tape 2, Side A (Episode 3)"
Berkay,2023-01-31 23:40:02,00:52:20,"13 Reasons Why: Season 1: Tape 1, Side B (Episode 2)"
Berkay,2023-01-31 22:43:08,00:56:03,"13 Reasons Why: Season 1: Tape 1, Side A (Episode 1)"
Berkay,2023-01-31 22:43:00,00:00:05,13 Reasons Why: Season 3 (Trailer)
Berkay,2023-01-31 22:40:06,00:00:25,When They Cry: Season 1: Spirited Away by the Demon Chapter One - The Beginning (Episode 1)
Berkay,2023-01-31 22:39:48,00:00:16,When They Cry_hook_03_16x9
Berkay,2023-01-31 22:39:36,00:00:04,Season 4 Teaser 1: You
Berkay,2023-01-31 22:39:21,00:00:08,Season 3 Supporting Character Clip: The Umbrella Academy
Berkay,2023-01-31 22:39:11,00:00:08,Season 3 Supporting Character Clip: The Umbrella Academy
Berkay,2023-01-31 21:38:03,00:49:39,Alice in Borderland: Season 2: Episode 8
Berkay,2023-01-31 21:31:50,00:01:16,Alice in Borderland: Season 2: Episode 8
Berkay,2023-01-31 21:21:55,00:00:01,The Office (U.S.): Season 1: Pilot (Episode 1)
Berkay,2023-01-28 22:06:41,00:05:36,Alice in Borderland: Season 2: Episode 8
Berkay,2023-01-26 21:43:52,00:30:19,Alice in Borderland: Season 2: Episode 8
Berkay,2023-01-26 20:47:18,00:52:58,Alice in Borderland: Season 2: Episode 7
Berkay,2023-01-26 20:32:49,00:14:18,Alice in Borderland: Season 2: Episode 6
Berkay,2023-01-24 21:54:22,00:40:06,Alice in Borderland: Season 2: Episode 6
Berkay,2023-01-24 21:53:43,00:00:28,Avatar: The Last Airbender: Book 1_hook_primary_16x9
Berkay,2023-01-24 21:51:20,00:01:37,Season 2 Trailer: Girl from Nowhere
Berkay,2023-01-24 21:50:01,00:00:46,Season 1 Supporting Character Clip: That '90s Show
Berkay,2023-01-24 21:49:38,00:00:10,Season 1 Genre Specific Moment Clip: Shahmaran
Berkay,2023-01-24 21:49:10,00:00:04,Season 1 Teaser 2: Arcane
Berkay,2023-01-24 21:47:38,00:00:05,Seinfeld: Seinfeld: Season 8_hook_primary_16x9
Berkay,2023-01-24 21:47:27,00:00:06,Seinfeld: Seinfeld: Season 8_hook_primary_16x9
Berkay,2023-01-24 21:47:19,00:00:04,H2O: Just Add Water: Season 1_hook_primary_16x9
Berkay,2023-01-24 21:46:57,00:00:11,Gilmore Girls: Season 1_hook_primary_16x9
Berkay,2023-01-24 21:46:09,00:00:16,"Johnny Test: Season 2: The Good, the Bad & the Johnny / Rock-a-bye Johnny (Episode 13)"
Berkay,2023-01-24 21:45:48,00:00:15,Johnny Test: Season 1_hook_04_16x9
Berkay,2023-01-24 21:16:40,00:21:17,Alice in Borderland: Season 2: Episode 6
Berkay,2023-01-24 21:07:20,00:09:01,Alice in Borderland: Season 2: Episode 5
Berkay,2023-01-22 22:11:50,00:57:23,Alice in Borderland: Season 2: Episode 5
Berkay,2023-01-22 21:54:50,00:16:20,Alice in Borderland: Season 2: Episode 4
Berkay,2023-01-21 22:31:04,00:35:08,Alice in Borderland: Season 2: Episode 4
Berkay,2023-01-21 21:28:48,00:57:46,Alice in Borderland: Season 2: Episode 3
Berkay,2023-01-21 20:34:44,00:53:16,Alice in Borderland: Season 2: Episode 2
Berkay,2023-01-21 19:43:52,00:48:55,Alice in Borderland: Season 2: Episode 1
Berkay,2023-01-21 19:31:39,00:11:46,Alice in Borderland: Season 1: Episode 8
Berkay,2023-01-21 17:18:45,00:39:01,Alice in Borderland: Season 1: Episode 8
Berkay,2023-01-21 16:31:48,00:43:19,Alice in Borderland: Season 1: Episode 7
Berkay,2023-01-21 16:31:18,00:00:04,Alice in Borderland: Season 1: Episode 6
Berkay,2023-01-21 16:26:21,00:04:46,Alice in Borderland: Season 1: Episode 7
Berkay,2023-01-21 15:48:24,00:37:48,Alice in Borderland: Season 1: Episode 6
Berkay,2023-01-21 14:56:39,00:50:38,Alice in Borderland: Season 1: Episode 5
Berkay,2023-01-21 14:19:33,00:36:35,Alice in Borderland: Season 1: Episode 4
Berkay,2023-01-20 23:29:31,00:08:53,Alice in Borderland: Season 1: Episode 4
Berkay,2023-01-20 22:49:18,00:39:55,Alice in Borderland: Season 1: Episode 3
Berkay,2023-01-20 22:35:57,00:12:28,Alice in Borderland: Season 1: Episode 2
Berkay,2023-01-18 23:17:20,00:41:52,Alice in Borderland: Season 1: Episode 2
Berkay,2023-01-18 22:41:33,00:34:20,Alice in Borderland: Season 1: Episode 1
Berkay,2023-01-17 22:55:00,00:20:37,Alice in Borderland: Season 1: Episode 1
Berkay,2023-01-17 22:48:28,00:05:50,The Way of the Househusband: Season 1: Episode 2
Berkay,2023-01-17 22:48:17,00:00:02,The Way of the Househusband: Season 1: Episode 1
Berkay,2023-01-17 22:47:49,00:00:20,The Way of the Househusband: Season 1: Episode 2
Berkay,2023-01-17 22:31:57,00:15:23,The Way of the Househusband: Season 1: Episode 1
Berkay,2023-01-17 22:31:13,00:00:05,Season 1 Trailer: Baki Hanma
Berkay,2023-01-17 22:30:50,00:00:20,Alice in Borderland: Season 1 - Upper Bound Clip 2
Berkay,2023-01-07 01:44:56,00:13:27,Castlevania: Season 1: Necropolis (Episode 2)
Berkay,2023-01-06 00:33:34,00:09:31,Castlevania: Season 1: Necropolis (Episode 2)
Berkay,2023-01-06 00:10:18,00:22:59,Castlevania: Season 1: Witchbottle (Episode 1)
Berkay,2023-01-06 00:10:08,00:00:08,Castlevania: Season 1 (Recap)
Berkay,2023-01-05 21:23:36,00:02:07,Money Heist: Part 3: A Quick Vacation (Episode 7)
Berkay,2023-01-05 21:23:15,00:00:02,Money Heist: Part 3: Everything Seemed Insignificant (Episode 6)
Berkay,2023-01-05 21:22:19,00:00:17,Money Heist: Part 2: Episode 9
Berkay,2023-01-05 21:22:07,00:00:09,Part 5 Volume 2 Main Character Intro Clip: La casa de papel
Berkay,2023-01-05 21:21:53,00:00:05,Korea - Joint Economic Area Season 1 Plot Clip: Money Heist
Berkay,2023-01-05 21:21:32,00:00:04,The Midnight Gospel: Season 1 PVS Clip 5
Berkay,2023-01-05 21:20:58,00:00:06,The Babysitter: Killer Queen PVS Clip 2
Berkay,2023-01-05 21:19:52,00:00:55,Season 1 Plot Clip: All of Us Are Dead
Berkay,2023-01-05 21:19:22,00:00:14,Season 2 Trailer: Girl from Nowhere
Berkay,2023-01-05 21:18:32,00:00:15,Season 1 Cliffhanger Clip: Vampire in the Garden
Berkay,2023-01-05 21:17:25,00:00:17,Season 1 Plot Clip 2: The Imperfects
Berkay,2023-01-05 21:13:25,00:01:47,"Ragnarok: Season 1: Yes, We Love This Country (Episode 6)"
Berkay,2023-01-05 21:12:55,00:00:21,Season 1 Recap: Ragnarok
Berkay,2023-01-05 00:32:41,00:14:17,BAKI: Season 1: Part 2: Clash of the alphas (Episode 22)
Berkay,2023-01-05 00:12:55,00:19:44,BAKI: Season 1: Part 2: Punishment (Episode 21)
Berkay,2023-01-04 23:51:07,00:20:52,BAKI: Season 1: Part 2: Saga (Episode 20)
Berkay,2023-01-04 23:46:23,00:04:37,BAKI: Season 1: Part 2: Admission of defeat (Episode 19)
Berkay,2023-01-04 23:45:00,00:00:19,Season 1 Trailer: Baki Hanma
Berkay,2023-01-04 23:44:08,00:00:04,Season 1 Trailer: The Way of the Househusband
Berkay,2023-01-04 23:43:14,00:00:40,Monster (Anime): Season 1_hook_03_16x9
Berkay,2023-01-04 01:03:52,00:20:34,BAKI: Season 1: Part 2: Admission of defeat (Episode 19)
Berkay,2023-01-04 00:42:44,00:20:57,BAKI: Season 1: Part 2: Thanks (Episode 18)
Berkay,2023-01-04 00:36:57,00:05:23,BAKI: Season 1: Part 2: Dad!! (Episode 17)
Berkay,2023-01-04 00:33:42,00:03:03,DAHMER: Monster: The Jeffrey Dahmer Story: Blood On Their Hands (Episode 5)
Berkay,2023-01-03 19:07:17,00:55:38,DAHMER: Monster: The Jeffrey Dahmer Story: Blood On Their Hands (Episode 5)
Berkay,2023-01-03 19:03:31,00:03:38,DAHMER: Monster: The Jeffrey Dahmer Story: The Good Boy Box (Episode 4)
Berkay,2023-01-03 19:03:13,00:00:15,The Jeffrey Dahmer Story Upper Bound Clip 12: DAHMER: Monster
Berkay,2023-01-03 19:01:56,00:00:11,Season 1 Trailer: The Recruit
Berkay,2023-01-03 19:01:16,00:00:13,Season 2 Character Intro Clip: Rise of Empires: Ottoman
Berkay,2023-01-03 19:01:04,00:00:05,Season 2 Cliffhanger Clip: Alice in Borderland
Berkay,2023-01-03 19:00:31,00:00:32,Season 1 Trailer: The Recruit
Berkay,2023-01-03 01:08:12,00:15:30,"BoJack Horseman: Season 6: A Quick One, While He's Away (Episode 8)"
Berkay,2023-01-02 00:14:49,00:19:07,BAKI: Season 1: Part 2: Dad!! (Episode 17)
Berkay,2023-01-01 23:51:21,00:23:08,BAKI: Season 1: Part 2: Slash (Episode 16)
Berkay,2023-01-01 23:30:29,00:20:49,BAKI: Season 1: Part 2: Tremendous muscle power (Episode 15)
Berkay,2023-01-01 23:08:45,00:21:37,BAKI: Season 1: Part 2: Ungranted Freedom (Episode 14)
Berkay,2023-01-01 23:01:36,00:06:58,BAKI: Season 1: Part 1: Mr. Oliva (Episode 13)
Berkay,2023-01-01 22:56:06,00:00:08,Disenchantment: Part 1 Podular: TEXTLESS / Adventure - Fantasy - Comedy
Berkay,2023-01-01 10:23:13,00:15:10,BAKI: Season 1: Part 1: Mr. Oliva (Episode 13)
Berkay,2023-01-01 10:01:12,00:21:33,BAKI: Season 1: Part 1: Candy (Episode 12)
Berkay,2023-01-01 10:00:41,00:00:19,BAKI: Season 1: Part 1: Tiger slayer (Episode 11)
Berkay,2023-01-01 10:00:22,00:00:12,BAKI: Season 1: Part 1: Candy (Episode 12)
Berkay,2023-01-01 09:59:25,00:00:01,BAKI: Season 1: Part 1: Candy (Episode 12)
Berkay,2023-01-01 09:59:16,00:00:03,BAKI: Season 1: Part 1: Shaken Shinshinkai (Episode 9)
Berkay,2023-01-01 09:59:08,00:00:20,BAKI: Season 1: Part 1: Candy (Episode 12)
Berkay,2023-01-01 09:38:16,00:20:45,BAKI: Season 1: Part 1: Tiger slayer (Episode 11)
Berkay,2023-01-01 09:16:46,00:21:26,BAKI: Season 1: Part 1: Air Duel (Episode 10)
Berkay,2023-01-01 08:55:42,00:20:50,BAKI: Season 1: Part 1: Shaken Shinshinkai (Episode 9)
Berkay,2022-12-31 23:48:46,00:00:50,BAKI: Season 1: Part 1: Shaken Shinshinkai (Episode 9)
Berkay,2022-12-31 23:27:27,00:21:17,BAKI: Season 1: Part 1: A match Vs. a true fight (Episode 8)
Berkay,2022-12-31 23:07:42,00:08:51,BAKI: Season 1: Part 1: A formidable team (Episode 7)
Berkay,2022-12-31 22:49:26,00:17:34,BAKI: Season 1: Part 1: Sergeant Katahira’s Report (Episode 6)
Berkay,2022-12-31 22:43:02,00:01:37,BAKI: Season 1: Part 1: Want some more? (Episode 5)
Berkay,2022-12-31 22:42:16,00:00:28,BAKI: Season 1: Part 1: The Battle Begins (Episode 4)
Berkay,2022-12-31 22:41:42,00:00:19,BAKI: Season 1: Part 1: Sergeant Katahira’s Report (Episode 6)
Berkay,2022-12-30 23:44:56,00:08:15,BAKI: Season 1: Part 1: Sergeant Katahira’s Report (Episode 6)
Berkay,2022-12-30 23:24:28,00:20:26,BAKI: Season 1: Part 1: Want some more? (Episode 5)
Berkay,2022-12-30 23:00:31,00:23:27,BAKI: Season 1: Part 1: The Battle Begins (Episode 4)
Berkay,2022-12-30 22:39:00,00:21:08,BAKI: Season 1: Part 1: They're Finally Here!! (Episode 3)
Berkay,2022-12-30 22:25:37,00:11:45,BAKI: Season 1: Part 1: Dark Martial Arts (Episode 2)
Berkay,2022-12-30 22:25:27,00:00:04,BAKI: Season 1: Part 1: They're Finally Here!! (Episode 3)
Berkay,2022-12-29 23:04:59,00:20:55,BAKI: Season 1: Part 1: Dark Martial Arts (Episode 2)
Berkay,2022-12-29 22:42:09,00:22:06,BAKI: Season 1: Part 1: Synchronicity (Episode 1)
Berkay,2022-12-29 22:38:45,00:03:12,"BoJack Horseman: Season 6: A Quick One, While He's Away (Episode 8)"
Berkay,2022-12-29 22:24:57,00:13:41,BoJack Horseman: Season 6: The Face of Depression (Episode 7)
Berkay,2022-12-29 17:28:52,00:00:03,Lookism: Season 1: Kindness (Episode 5)
Berkay,2022-12-29 17:28:45,00:00:04,Season 1 Villain / Antagonist Clip: Lookism
Berkay,2022-12-29 01:25:09,00:11:22,BoJack Horseman: Season 6: The Face of Depression (Episode 7)
Berkay,2022-12-29 01:01:13,00:23:54,BoJack Horseman: Season 6: The Kidney Stays in the Picture (Episode 6)
Berkay,2022-12-29 01:00:32,00:00:16,"BoJack Horseman: Season 6: A Little Uneven, Is All (Episode 5)"
Berkay,2022-12-29 01:00:16,00:00:05,BoJack Horseman: Season 6: The Kidney Stays in the Picture (Episode 6)
Berkay,2022-12-29 00:59:24,00:00:08,Season 1 Trailer: The Umbrella Academy
Berkay,2022-12-28 23:49:37,00:12:56,Great Pretender: Season 1: Case 1_2: Los Angeles Connection (Episode 2)
Berkay,2022-12-28 23:23:30,00:25:41,Great Pretender: Season 1: Case 1_1: Los Angeles Connection (Episode 1)
Berkay,2022-12-28 23:20:12,00:03:04,BAKI: Season 1: Part 1: Synchronicity (Episode 1)
Berkay,2022-12-28 23:13:53,00:01:19,Season 1 Main Character Intro Clip: Archive 81
Berkay,2022-12-28 22:21:45,00:49:44,One of Us Is Lying: Season 1: Pilot (Episode 1)
Berkay,2022-12-28 22:21:29,00:00:14,Season 1 Main Character Intro Clip: One of Us Is Lying
Berkay,2022-12-28 22:21:06,00:00:17,Re:Mind (Trailer)
Berkay,2022-12-28 22:20:58,00:00:04,Season 1 Main Character Intro Clip: One of Us Is Lying
Berkay,2022-12-28 22:20:41,00:00:08,Part 1 Trailer: Lupin
Berkay,2022-12-28 22:19:07,00:00:23,Insatiable: Season 1 - Debby Ryan Is Insatiable
Berkay,2022-12-28 22:18:09,00:00:22,13 Reasons Why: Season 3 (Trailer)
Berkay,2022-12-28 22:17:24,00:00:15,BIGMOUTH_S4_CLIP_MAINCHARACTER
Berkay,2022-12-28 22:17:09,00:00:08,Season 1 Main Character Intro Clip: Cyberpunk: Edgerunners
Berkay,2022-12-28 22:16:52,00:00:05,SWORDGAI The Animation: Part II (Trailer)
Berkay,2022-12-28 22:15:45,00:00:07,A Certain Scientific Railgun_hook_primary_16x9
Berkay,2022-12-28 22:15:17,00:00:07,When They Cry_hook_03_16x9
Berkay,2022-12-28 22:14:56,00:00:18,Season 1 Genre Specific Moment Clip: Kotaro Lives Alone
Berkay,2022-12-28 22:14:39,00:00:09,Komi Can't Communicate: Season 1_hook_01_16x9
Berkay,2022-12-28 22:13:59,00:00:36,Black Lagoon: Roberta's Blood Trail_hook_primary_16x9
Berkay,2022-12-28 21:59:48,00:02:07,Season 1 Trailer: I Am Not Okay With This
Berkay,2022-12-28 21:32:45,00:24:40,Lookism: Season 1: Wall (Episode 8)
Berkay,2022-12-28 21:12:44,00:20:00,Lookism: Season 1: Special Training (Episode 7)
Berkay,2022-12-28 20:50:05,00:22:37,Lookism: Season 1: Recommendation (Episode 6)
Berkay,2022-12-28 19:58:22,00:17:58,Lookism: Season 1: Kindness (Episode 5)
Berkay,2022-12-28 19:40:12,00:18:05,Lookism: Season 1: Mom (Episode 4)
Berkay,2022-12-28 19:19:26,00:20:45,Lookism: Season 1: Friends (Episode 3)
Berkay,2022-12-28 18:52:09,00:20:54,Lookism: Season 1: New Life (Episode 2)
Berkay,2022-12-28 18:21:31,00:21:37,Lookism: Season 1: Change (Episode 1)
Berkay,2022-12-28 17:37:11,00:43:20,Wednesday: Season 1: A Murder of Woes (Episode 8)
Berkay,2022-12-28 15:37:00,00:03:57,Wednesday: Season 1: A Murder of Woes (Episode 8)
Berkay,2022-12-28 15:03:29,00:31:57,Wednesday: Season 1: If You Don't Woe Me by Now (Episode 7)
Berkay,2022-12-28 14:24:03,00:13:30,Wednesday: Season 1: If You Don't Woe Me by Now (Episode 7)
Berkay,2022-12-28 13:35:37,00:45:20,Wednesday: Season 1: Quid Pro Woe (Episode 6)
Berkay,2022-12-28 12:45:32,00:46:37,Wednesday: Season 1: You Reap What You Woe (Episode 5)
Berkay,2022-12-28 12:45:13,00:00:04,Wednesday: Season 1: Woe What a Night (Episode 4)
Berkay,2022-12-28 12:07:03,00:03:32,Wednesday: Season 1: You Reap What You Woe (Episode 5)
Berkay,2022-12-28 12:06:15,00:00:28,Season 1 Villain / Antagonist Clip: Lookism
Berkay,2022-12-28 12:05:46,00:00:11,Season 4 Trailer: I AM A KILLER
Berkay,2022-12-28 12:04:51,00:00:02,Wednesday: Season 1: You Reap What You Woe (Episode 5)
Berkay,2022-12-28 11:19:07,00:45:11,Wednesday: Season 1: Woe What a Night (Episode 4)
Berkay,2022-12-28 11:06:58,00:12:05,Wednesday: Season 1: Friend or Woe (Episode 3)
Berkay,2022-12-28 09:07:21,00:32:12,Wednesday: Season 1: Friend or Woe (Episode 3)
Berkay,2022-12-27 23:00:58,00:00:03,Wednesday: Season 1: Friend or Woe (Episode 3)
Berkay,2022-12-27 22:16:10,00:44:42,Wednesday: Season 1: Woe Is the Loneliest Number (Episode 2)
Berkay,2022-12-27 21:12:53,00:55:41,Wednesday: Season 1: Wednesday's Child Is Full of Woe (Episode 1)
Berkay,2022-12-27 21:12:16,00:00:34,Season 1 Teaser 1: Wednesday
Berkay,2022-12-27 21:12:08,00:00:05,Season 1 Teaser 1: Wednesday
Berkay,2022-12-27 21:10:23,00:00:23,Kakegurui (Live Action): Season 2_hook_primary_16x9
Berkay,2022-12-27 21:10:07,00:00:11,Re:Mind (Trailer)
Berkay,2022-12-27 21:09:51,00:00:07,Erased (Trailer)
Berkay,2022-12-27 20:40:37,00:28:24,Conversations with a Killer: The Jeffrey Dahmer Tapes: Limited Series: Sympathy for the Devil (Episode 1)
Berkay,2022-12-27 20:40:11,00:00:23,Limited Series Character Intro Clip: Conversations with a Killer: The Jeffrey Dahmer Tapes
Berkay,2022-12-27 18:24:04,00:00:12,The Kissing Booth (Trailer)
Berkay,2022-12-27 18:23:45,00:00:06,To All the Boys I’ve Loved Before (Trailer)
Berkay,2022-12-27 00:59:34,00:06:44,DAHMER: Monster: The Jeffrey Dahmer Story: Blood On Their Hands (Episode 5)
Berkay,2022-12-26 23:55:07,01:03:57,DAHMER: Monster: The Jeffrey Dahmer Story: The Good Boy Box (Episode 4)
Berkay,2022-12-26 23:28:18,00:26:09,DAHMER: Monster: The Jeffrey Dahmer Story: Doin' A Dahmer (Episode 3)
Berkay,2022-12-26 23:28:05,00:00:04,DAHMER: Monster: The Jeffrey Dahmer Story: Please Don't Go (Episode 2)
Berkay,2022-12-26 23:27:46,00:00:07,DAHMER: Monster: The Jeffrey Dahmer Story: Doin' A Dahmer (Episode 3)
Berkay,2022-12-26 23:27:25,00:00:08,Is God a Number?_hook_01_16x9
Berkay,2022-12-26 23:26:53,00:00:17,Scarface_hook_primary_16x9
Berkay,2022-12-26 23:26:36,00:00:06,The Godfather: Part II_hook_primary_16x9
Berkay,2022-12-26 22:56:27,00:27:07,The Godfather
Berkay,2022-12-24 23:54:30,00:25:55,DAHMER: Monster: The Jeffrey Dahmer Story: Doin' A Dahmer (Episode 3)
Berkay,2022-12-24 23:17:45,00:00:01,DAHMER: Monster: The Jeffrey Dahmer Story: Doin' A Dahmer (Episode 3)
Berkay,2022-12-24 22:24:47,00:51:54,DAHMER: Monster: The Jeffrey Dahmer Story: Please Don't Go (Episode 2)
Berkay,2022-12-24 21:37:23,00:47:13,DAHMER: Monster: The Jeffrey Dahmer Story: Episode One
Berkay,2022-12-24 21:37:09,00:00:12,Supporting Character Clip 2: DAHMER
Berkay,2022-12-24 00:38:09,00:00:11,Knives Out_hook_primary_16x9
Berkay,2022-12-24 00:37:14,00:00:08,Seinfeld: Seinfeld: Season 9_hook_01_16x9
Berkay,2022-12-24 00:37:01,00:00:06,I Am Not Okay With This: Season 1_PVS_MEGA
Berkay,2022-12-24 00:36:23,00:00:01,Neymar: The Perfect Chaos: Limited Series: The Great Brazilian Promise (Episode 1)
Berkay,2022-12-24 00:35:54,00:00:26,Trailer: Neymar: The Perfect Chaos
Berkay,2022-12-24 00:35:32,00:00:19,"Volume 3 Trailer: Love, Death & Robots"
Berkay,2022-12-24 00:34:59,00:00:16,Cliffhanger Clip: Emily in Paris S2
Berkay,2022-12-24 00:34:24,00:00:21,Lucifer: Season 4 (Date Announce)
Berkay,2022-12-24 00:33:26,00:00:06,Castlevania: Season 1 - Upper Bound Clip 13
Berkay,2022-12-24 00:32:51,00:00:08,Neon Genesis Evangelion: Season 1_hook_primary_16x9
Berkay,2022-12-24 00:32:36,00:00:05,Season 3 Bonus Video: How to Sell Drugs Online (Fast)
Berkay,2022-12-24 00:32:05,00:00:10,Great Pretender: Season 2_CLIP_MUSIC_NON1
Berkay,2022-12-24 00:30:26,00:00:09,The Other Boleyn Girl_hook_primary_16x9
Berkay,2022-12-24 00:29:43,00:00:27,Five Feet Apart_hook_04_16x9
Berkay,2022-12-24 00:29:20,00:00:22,Trailer: If Anything Happens I Love You
Berkay,2022-12-24 00:27:52,00:01:12,Us_hook_05_16x9
Berkay,2022-12-23 22:47:01,01:40:20,Get Out
Berkay,2022-12-23 21:51:32,00:00:10,Get Out_hook_primary_16x9
Berkay,2022-12-23 21:51:13,00:00:11,Supporting Character Clip 2: DAHMER
Berkay,2022-12-16 20:08:48,00:00:05,Part 4 Inciting Incident Clip: Paradise PD
Berkay,2022-12-12 22:40:33,00:09:56,BoJack Horseman: Season 6: The Kidney Stays in the Picture (Episode 6)
Berkay,2022-12-12 22:16:19,00:24:12,"BoJack Horseman: Season 6: A Little Uneven, Is All (Episode 5)"
Berkay,2022-12-12 21:42:51,00:24:35,BoJack Horseman: Season 6: Surprise! (Episode 4)
Berkay,2022-12-12 21:37:06,00:05:39,BoJack Horseman: Season 6: Feel-Good Story (Episode 3)
Berkay,2022-12-12 21:36:46,00:00:09,Season 1 Trailer: The Umbrella Academy
Berkay,2022-12-11 09:04:13,00:00:07,Season 2 Trailer 4: Baki
Berkay,2022-12-11 09:02:56,00:00:04,Trailer: Harry & Meghan
Berkay,2022-12-10 20:33:04,00:22:55,BoJack Horseman: Season 6: Feel-Good Story (Episode 3)
Berkay,2022-12-10 20:07:37,00:25:10,BoJack Horseman: Season 6: The New Client (Episode 2)
Berkay,2022-12-10 20:04:47,00:01:45,BoJack Horseman: Season 3: That Went Well (Episode 12)
Berkay,2022-12-10 19:43:00,00:21:38,"BoJack Horseman: Season 3: That's Too Much, Man! (Episode 11)"
Berkay,2022-12-10 19:16:37,00:25:52,BoJack Horseman: Season 6: A Horse Walks into a Rehab (Episode 1)
Berkay,2022-12-10 18:49:04,00:25:36,BoJack Horseman: Season 5: The Stopped Show (Episode 12)
Berkay,2022-12-10 18:30:16,00:18:08,BoJack Horseman: Season 5: The Showstopper (Episode 11)
Berkay,2022-12-10 18:24:26,00:02:31,Elite: Season 6: Anxiety (Episode 1)
Berkay,2022-12-10 18:24:11,00:00:05,Elite: Season 5: Your Side of the World and Mine (Episode 8)
Berkay,2022-12-10 18:23:40,00:00:04,I Am Not Okay With This: Season 1  PVS Trailer A
Berkay,2022-12-09 23:08:44,00:14:47,BoJack Horseman: Season 5: The Showstopper (Episode 11)
Berkay,2022-12-09 22:43:17,00:24:52,BoJack Horseman: Season 5: Head in the Clouds (Episode 10)
Berkay,2022-12-09 22:18:55,00:24:05,BoJack Horseman: Season 5: Ancient History (Episode 9)
Berkay,2022-12-09 21:54:08,00:24:35,BoJack Horseman: Season 5: Mr. Peanutbutter's Boos (Episode 8)
Berkay,2022-12-09 21:28:05,00:25:22,BoJack Horseman: Season 5: INT. SUB (Episode 7)
Berkay,2022-12-09 21:27:19,00:00:36,BoJack Horseman: Season 5: Free Churro (Episode 6)
Berkay,2022-12-09 08:21:01,00:28:47,BoJack Horseman: Season 5: Free Churro (Episode 6)
Berkay,2022-12-09 08:20:33,00:00:10,BoJack Horseman: Season 5: The Amelia Earhart Story (Episode 5)
Berkay,2022-12-09 08:20:19,00:00:05,BoJack Horseman: Season 5: Free Churro (Episode 6)
Berkay,2022-12-08 00:54:45,00:03:14,BoJack Horseman: Season 5: Free Churro (Episode 6)
Berkay,2022-12-08 00:30:38,00:24:06,BoJack Horseman: Season 5: The Amelia Earhart Story (Episode 5)
Berkay,2022-12-08 00:16:05,00:14:18,BoJack Horseman: Season 5: BoJack the Feminist (Episode 4)
Berkay,2022-12-08 00:14:10,00:00:06,BTHEBEGINNING_S2_CLIP_GENRE
Berkay,2022-12-07 23:33:48,00:11:42,BoJack Horseman: Season 5: BoJack the Feminist (Episode 4)
Berkay,2022-12-07 23:05:13,00:24:42,BoJack Horseman: Season 5: Planned Obsolescence (Episode 3)
Berkay,2022-12-07 22:35:21,00:27:27,BoJack Horseman: Season 5: The Dog Days Are Over (Episode 2)
Berkay,2022-12-07 22:08:23,00:26:43,BoJack Horseman: Season 5: The Light Bulb Scene (Episode 1)
Berkay,2022-12-07 21:42:14,00:24:37,BoJack Horseman: Season 4: What Time Is It Right Now (Episode 12)
Berkay,2022-12-07 21:40:35,00:01:28,BoJack Horseman: Season 4: Time's Arrow (Episode 11)
Berkay,2022-12-07 21:40:24,00:00:03,BoJack Horseman: Season 4: What Time Is It Right Now (Episode 12)
Berkay,2022-12-06 21:52:38,00:04:04,BoJack Horseman: Season 4: What Time Is It Right Now (Episode 12)
Berkay,2022-12-06 21:29:34,00:22:40,BoJack Horseman: Season 4: Time's Arrow (Episode 11)
Berkay,2022-12-06 21:26:04,00:03:17,BoJack Horseman: Season 4: Time's Arrow (Episode 11)
Berkay,2022-12-06 21:23:47,00:01:26,BoJack Horseman: Season 4: Time's Arrow (Episode 11)
Berkay,2022-12-06 21:23:44,00:00:02,BoJack Horseman: Season 4: lovin that cali lifestyle!! (Episode 10)
Berkay,2022-12-06 21:07:57,00:15:11,BoJack Horseman: Season 4: lovin that cali lifestyle!! (Episode 10)
Berkay,2022-12-06 21:02:52,00:04:22,BoJack Horseman: Season 4: Ruthie (Episode 9)
Berkay,2022-12-06 21:02:47,00:00:01,BoJack Horseman: Season 4: lovin that cali lifestyle!! (Episode 10)
Berkay,2022-12-06 21:02:31,00:00:03,BoJack Horseman: Season 4: lovin that cali lifestyle!! (Episode 10)
Berkay,2022-12-05 22:32:29,00:12:12,BoJack Horseman: Season 4: lovin that cali lifestyle!! (Episode 10)
Berkay,2022-12-05 22:32:24,00:00:01,BoJack Horseman: Season 4: Time's Arrow (Episode 11)
Berkay,2022-12-05 21:35:39,00:00:01,BoJack Horseman: Season 4: lovin that cali lifestyle!! (Episode 10)
Berkay,2022-12-05 21:07:27,00:25:17,BoJack Horseman: Season 4: Ruthie (Episode 9)
Berkay,2022-12-05 20:56:05,00:10:54,BoJack Horseman: Season 4: The Judge (Episode 8)
Berkay,2022-12-05 20:55:55,00:00:07,Season 6 Trailer 2: Bojack Horseman
Berkay,2022-12-04 23:11:59,00:05:03,Black Mirror: Season 2: White Christmas (Episode 4)
Berkay,2022-12-04 23:11:28,00:00:28,Black Mirror: Season 1_hook_primary_16x9
Berkay,2022-12-04 23:09:53,00:00:05,Suits: Season 1_hook_primary_16x9
Berkay,2022-12-04 23:08:59,00:00:05,Spider-Man: No Way Home_hook_04_16x9
Berkay,2022-12-04 23:08:11,00:00:04,The End of the F***ing World: Season 2 Podular: FLOURISH / Romance - Drama - Comedy
Berkay,2022-12-04 23:07:51,00:00:14,Baki: Season 1_hook_primary_16x9
Berkay,2022-12-04 23:05:50,00:01:47,High-Rise Invasion: Season 1: This is a High-Rise Invasion (Episode 12)
Berkay,2022-12-04 19:22:28,00:00:01,Wednesday: Season 1: Wednesday's Child Is Full of Woe (Episode 1)
Berkay,2022-12-04 07:49:40,00:15:54,High-Rise Invasion: Season 1: This is a High-Rise Invasion (Episode 12)
Berkay,2022-12-03 22:33:06,00:07:48,High-Rise Invasion: Season 1: This is a High-Rise Invasion (Episode 12)
Berkay,2022-12-03 22:11:09,00:21:52,High-Rise Invasion: Season 1: I AM Justice! (Episode 11)
Berkay,2022-12-03 21:45:18,00:23:36,High-Rise Invasion: Season 1: Our Enemy is One Who Desires Chaos (Episode 10)
Berkay,2022-12-03 21:22:03,00:22:59,High-Rise Invasion: Season 1: Which Of Us Will Live a Cool Live? (Episode 9)
Berkay,2022-12-03 20:56:27,00:24:14,"High-Rise Invasion: Season 1: I've Cast Off My Humanity, But That's Fine (Episode 8)"
Berkay,2022-12-03 20:34:06,00:21:36,High-Rise Invasion: Season 1: I Will End This Realm (Episode 7)
Berkay,2022-12-03 20:12:08,00:21:54,High-Rise Invasion: Season 1: If I Become a Perfect God (Episode 6)
Berkay,2022-12-03 19:46:11,00:25:04,High-Rise Invasion: Season 1: That's an Incredible Ultimate Weapon (Episode 5)
Berkay,2022-12-03 19:23:29,00:22:28,High-Rise Invasion: Season 1: I Won't Give in to This World (Episode 4)
Berkay,2022-12-03 19:00:31,00:22:47,"High-Rise Invasion: Season 1: I'm Sorry, Mayuko Nise (Episode 3)"
Berkay,2022-12-03 18:37:53,00:22:21,High-Rise Invasion: Season 1: I've Found a New Goal (Episode 2)
Berkay,2022-12-03 18:14:18,00:23:10,High-Rise Invasion: Season 1: I Just Don't Get This World (Episode 1)
Berkay,2022-12-03 18:13:37,00:00:05,Season 6 Trailer 1: Bojack Horseman
Berkay,2022-12-03 18:12:20,00:00:59,Season 1 Trailer: High-Rise Invasion
Berkay,2022-12-03 15:55:40,00:00:10,Season 4 Trailer: Too Hot to Handle
Berkay,2022-12-03 15:54:44,00:00:25,Teen Wolf: Season 1_hook_primary_16x9
Berkay,2022-12-03 15:54:17,00:00:24,Season 1 Cliffhanger Clip: One of Us Is Lying
Berkay,2022-12-03 15:52:56,00:00:07,Season 1 Trailer: High-Rise Invasion
Berkay,2022-12-03 15:52:50,00:00:05,The Daily Life of the Immortal King: Season 1_hook_04_16x9
Berkay,2022-12-03 15:52:18,00:00:05,When They Cry_hook_05_16x9
Berkay,2022-12-03 15:52:02,00:00:04,Another: Season 1_hook_02_16x9
Berkay,2022-12-03 15:51:41,00:00:04,Kakegurui: Season 2_hook_primary_16x9
Berkay,2022-12-03 15:51:15,00:00:10,Tokyo Ghoul √A_hook_01_16x9
Berkay,2022-12-03 15:49:02,00:00:05,The Jeffrey Dahmer Story Upper Bound Clip 12: DAHMER: Monster
Berkay,2022-12-03 15:48:31,00:00:07,Season 3 Supporting Character Clip: The Umbrella Academy
Berkay,2022-12-03 15:47:27,00:00:04,Disenchantment: Part 1 Podular: TEXTLESS / Comedy - Adventure - Fantasy
Berkay,2022-12-03 15:47:17,00:00:05,The End of the F***ing World (Trailer)
Berkay,2022-12-03 15:47:01,00:00:10,Season 6 Trailer 1: Bojack Horseman
Berkay,2022-12-03 15:46:58,00:00:01,"BoJack Horseman: Season 1: BoJack Horseman: The BoJack Horseman Story, Chapter One (Episode 1)"
Berkay,2022-12-03 15:46:42,00:00:08,Horsin' Around
Berkay,2022-12-03 15:46:17,00:00:05,Season 6 Moment of High Emotion Clip: Elite
Berkay,2022-12-03 15:46:07,00:00:06,Elite: Season 5: Your Side of the World and Mine (Episode 8)
Berkay,2022-12-03 15:45:37,00:00:10,Season 6 Moment of High Emotion Clip: Elite
Berkay,2022-12-03 15:45:21,00:00:44,Season 6 Moment of High Emotion Clip: Elite
